city,level,population,households,school,college,hospital,doctors,clinic,dentist,restaurant,fast_food,supermarket,convenience,park,platform,station
札幌市,7,1959512,1096729,410,59,184,472,63,485,1085,274,292,960,2458,3709,75
函館市,7,244431,140081,91,2,36,12,4,7,154,43,40,93,202,86,3
小樽市,7,108548,61411,40,0,9,6,3,13,140,10,15,43,79,126,7
旭川市,7,324186,177697,103,2,12,15,5,6,120,53,51,97,425,1133,16
室蘭市,7,78252,44147,33,0,8,20,1,13,93,12,11,44,163,346,8
釧路市,7,160483,92919,57,3,15,6,1,7,54,20,33,56,256,105,7
帯広市,7,164014,89966,75,1,6,4,1,1,32,5,15,24,248,4,3
北見市,7,113036,61725,48,11,13,25,8,21,72,20,25,68,247,611,10
夕張市,7,6729,4051,4,0,0,0,0,0,6,0,2,6,10,3,2
岩見沢市,7,76753,41021,31,1,3,5,7,4,55,10,10,48,144,16,6
網走市,7,33444,18061,20,0,5,3,0,1,25,6,5,20,38,8,6
留萌市,7,19234,10909,12,0,1,0,0,0,16,3,3,5,47,5,0
苫小牧市,7,168299,90867,50,0,9,7,12,5,40,6,12,69,232,181,7
稚内市,7,31644,17321,25,0,3,4,4,7,65,17,9,24,20,75,4
美唄市,7,19500,10941,10,0,4,0,1,4,5,0,3,7,19,0,4
芦別市,7,11976,6974,8,1,4,0,1,1,11,1,2,6,47,3,3
江別市,7,119169,59389,36,0,4,5,9,13,40,22,18,53,184,402,5
赤平市,7,9008,5458,1,0,1,0,0,0,1,0,1,0,26,1,3
紋別市,7,20618,11658,12,0,1,1,1,0,1,3,2,5,17,0,0
士別市,7,17283,8985,12,0,1,1,2,2,13,0,4,9,54,2,3
名寄市,7,26020,14183,15,0,2,0,0,0,4,3,3,5,32,44,6
三笠市,7,7722,4564,5,0,2,0,0,0,6,0,1,6,28,1,0
根室市,7,23546,12151,18,0,2,1,0,0,7,2,3,15,18,2,7
千歳市,7,97664,51563,27,1,7,32,0,43,45,25,11,55,184,12,4
滝川市,7,38062,20983,13,1,1,0,0,0,5,2,5,4,56,4,3
砂川市,7,15909,8610,8,0,3,1,0,0,2,0,2,7,32,3,2
歌志内市,7,2790,1714,1,0,0,0,0,0,0,1,0,1,3,0,0
深川市,7,19161,10490,11,1,1,0,0,0,4,0,2,2,71,8,3
富良野市,7,20223,10513,15,0,1,0,1,1,41,3,4,9,36,84,2
登別市,7,45226,24132,16,0,2,3,1,0,24,3,7,15,82,120,3
恵庭市,7,70179,34881,16,1,2,2,1,0,24,4,7,15,98,11,4
北広島市,7,57351,28198,23,0,3,7,1,5,12,5,7,25,115,194,1
石狩市,7,57954,28460,20,0,1,2,1,1,21,0,6,23,99,285,0
北斗市,7,44366,22247,20,0,0,1,0,3,7,6,6,11,68,13,9
当別町,7,15329,7733,5,0,0,0,2,0,1,0,0,0,10,8,4
新篠津村,7,2853,1360,3,0,0,0,0,0,0,0,0,0,1,0,0
福島町,7,3571,1948,4,0,0,0,0,0,0,0,1,2,2,0,0
知内町,7,3983,2025,5,0,0,0,0,0,0,0,0,1,1,0,0
木古内町,7,3728,2060,2,0,1,0,0,0,2,1,2,4,0,8,4
七飯町,7,27934,14140,13,0,2,3,0,0,8,1,2,4,19,7,5
鹿部町,7,3649,1852,2,0,2,0,0,2,13,0,1,10,3,19,1
八雲町,7,15050,8038,19,0,2,1,0,0,3,0,3,7,14,18,6
長万部町,7,4880,2784,5,0,1,1,0,0,5,0,1,4,2,6,5
江差町,7,6971,4137,7,0,4,0,0,4,28,2,2,6,7,1,0
上ノ国町,7,4362,2398,12,0,2,0,0,3,8,0,1,2,0,2,0
厚沢部町,7,3500,1815,5,0,2,0,0,1,6,1,1,2,22,9,0
乙部町,7,3331,1791,4,0,1,0,0,0,1,0,0,0,1,0,0
奥尻町,7,2346,1477,6,0,0,1,0,1,7,0,0,1,6,0,0
今金町,7,4775,2424,4,0,2,0,0,0,0,0,0,1,4,0,0
せたな町,7,7147,3944,8,0,3,1,0,0,0,0,0,1,13,0,0
島牧村,7,1312,763,2,0,1,0,0,0,0,0,0,0,0,0,0
寿都町,7,2738,1632,4,0,0,0,0,0,0,0,0,2,2,0,0
黒松内町,7,2612,1446,5,0,0,0,1,0,2,0,1,1,2,0,2
蘭越町,7,4493,2345,4,0,0,0,0,0,1,0,0,2,1,0,3
ニセコ町,7,5088,2717,3,1,0,0,0,1,28,0,1,4,3,20,1
真狩村,7,1937,953,6,0,1,0,0,0,2,0,0,2,3,0,0
留寿都村,7,1886,1027,6,0,0,0,0,0,8,1,1,6,4,0,0
喜茂別町,7,1988,1175,1,0,1,0,0,0,5,0,1,3,22,2,0
京極町,7,2844,1448,5,0,1,0,0,0,2,0,0,2,3,0,0
倶知安町,7,15636,8961,12,0,6,5,9,2,108,1,4,18,2,48,2
共和町,7,5508,2750,5,0,0,0,0,0,1,0,1,4,3,1,1
岩内町,7,11343,6451,3,0,1,0,0,1,16,0,1,9,29,28,0
泊村,7,1498,872,2,0,0,0,0,0,0,0,0,0,0,0,0
神恵内村,7,782,458,3,0,0,0,0,0,1,0,0,0,0,1,0
積丹町,7,1824,1033,6,0,0,0,0,0,17,0,1,1,0,1,0
古平町,7,2720,1656,0,0,0,0,0,0,4,0,2,3,6,0,0
仁木町,7,3128,1678,4,0,0,0,0,0,0,0,0,1,4,0,3
余市町,7,17561,9584,9,0,1,0,1,1,13,1,6,10,14,2,1
赤井川村,7,1106,632,3,0,0,0,0,0,4,0,0,0,2,0,0
南幌町,7,7546,3570,5,0,0,0,0,0,4,0,1,7,14,2,0
奈井江町,7,4966,2670,6,0,0,0,0,0,1,0,0,2,14,0,1
上砂川町,7,2578,1572,2,0,2,1,0,0,0,0,0,0,4,0,0
由仁町,7,4783,2347,2,0,0,0,0,1,10,0,0,2,8,0,4
長沼町,7,10158,4914,3,0,1,0,0,0,5,1,3,6,20,2,0
栗山町,7,11107,5783,5,0,1,0,2,0,22,0,2,5,29,0,1
月形町,7,2864,1563,2,0,1,0,0,0,0,0,0,0,1,2,0
浦臼町,7,1651,799,2,0,0,0,0,0,0,0,0,0,1,2,0
新十津川町,7,6389,2976,3,0,1,0,0,0,1,0,0,3,12,0,0
妹背牛町,7,2691,1359,3,0,0,0,0,0,1,0,0,1,1,1,1
秩父別町,7,2297,1097,2,0,0,0,0,0,0,0,0,0,3,2,2
雨竜町,7,2154,1053,2,0,0,0,0,0,0,0,0,1,3,0,0
北竜町,7,1674,789,2,0,1,0,0,0,1,0,0,0,4,0,0
沼田町,7,2900,1458,2,0,0,0,0,0,0,0,1,1,3,1,1
鷹栖町,7,6666,3117,5,0,0,0,0,0,0,0,0,1,13,45,0
東神楽町,7,9945,4362,5,0,0,0,0,0,1,0,0,1,20,42,0
当麻町,7,6174,3017,4,0,0,0,0,0,2,0,1,1,6,0,2
比布町,7,3505,1768,1,0,0,0,0,0,1,0,0,1,8,0,2
愛別町,7,2569,1317,3,0,0,0,0,0,0,0,1,1,4,3,3
上川町,7,3202,1891,3,0,0,0,0,0,2,0,1,4,3,3,1
東川町,7,8601,4247,7,0,0,0,0,0,18,2,2,2,7,52,0
美瑛町,7,9573,4804,9,0,1,0,0,0,14,2,3,3,27,2,3
上富良野町,7,10110,5262,7,0,1,0,0,0,5,0,1,4,14,0,1
中富良野町,7,4686,2178,6,0,0,0,0,0,6,0,0,5,3,1,4
南富良野町,7,2341,1336,4,0,0,3,0,0,4,0,1,0,2,52,0
占冠村,7,1394,938,3,0,0,0,0,0,15,0,0,1,6,38,2
和寒町,7,3006,1530,3,0,0,0,1,0,2,0,1,2,8,2,2
剣淵町,7,2888,1432,3,0,0,0,0,0,0,0,0,0,2,0,1
下川町,7,3027,1650,3,0,1,0,0,1,8,0,2,1,5,1,0
美深町,7,3890,2073,5,0,1,0,0,0,3,0,1,2,4,65,1
音威子府村,7,668,454,4,0,0,0,0,0,4,0,0,1,3,6,4
中川町,7,1336,729,3,0,0,1,0,0,2,0,0,1,3,17,2
幌加内町,7,1308,710,6,0,0,0,0,0,2,0,1,1,4,0,0
増毛町,7,3853,2146,5,0,0,0,0,1,3,0,0,4,5,0,0
小平町,7,2838,1531,4,0,0,0,0,0,2,0,0,4,2,0,0
苫前町,7,2839,1472,5,0,0,0,0,0,0,0,0,2,6,0,0
羽幌町,7,6361,3431,7,0,1,1,0,0,5,0,4,4,23,0,0
初山別村,7,1081,526,2,0,0,0,0,0,1,0,0,1,8,0,0
遠別町,7,2423,1288,3,0,0,0,0,0,2,0,1,1,8,2,0
天塩町,7,2814,1470,4,0,0,0,0,0,9,0,4,2,5,55,0
猿払村,7,2637,1249,6,0,1,0,0,0,1,0,0,1,3,0,0
浜頓別町,7,3351,1846,4,0,1,0,0,0,3,0,1,2,3,0,0
中頓別町,7,1570,855,2,0,1,0,0,0,0,0,0,1,4,0,0
枝幸町,7,7467,3852,13,0,0,0,0,0,3,0,0,2,5,0,0
豊富町,7,3702,1949,7,0,2,0,0,0,5,1,3,2,5,33,2
礼文町,7,2314,1223,8,0,2,0,0,0,6,1,1,0,2,0,0
利尻町,7,1894,1029,3,0,0,0,0,1,7,0,1,1,4,1,0
利尻富士町,7,2259,1217,4,0,0,1,0,0,4,0,1,1,1,0,0
幌延町,7,2196,1230,5,0,0,3,0,0,4,0,3,1,8,20,6
美幌町,7,18171,9396,7,0,3,0,1,0,3,3,3,10,34,43,1
津別町,7,4211,2189,3,0,2,0,0,0,3,0,1,2,8,95,0
斜里町,7,10888,5456,5,0,1,1,0,4,16,1,4,9,26,2,2
清里町,7,3803,1737,4,0,0,0,1,1,2,0,1,2,3,3,3
小清水町,7,4501,2027,3,0,1,0,0,0,1,0,1,3,6,0,3
訓子府町,7,4636,2076,4,0,0,0,1,0,0,0,1,2,8,37,0
置戸町,7,2671,1384,3,0,0,0,0,0,0,0,1,1,2,52,0
佐呂間町,7,4767,2393,5,0,0,0,1,2,0,0,4,2,4,1,0
遠軽町,7,18511,9919,18,0,2,1,0,0,5,0,4,10,12,35,7
湧別町,7,8096,4021,10,0,0,0,0,0,2,0,1,2,4,1,0
滝上町,7,2363,1337,3,0,0,0,0,0,0,0,0,1,0,0,0
興部町,7,3595,1772,3,0,1,0,0,0,0,0,0,0,1,0,0
西興部村,7,1030,659,3,0,0,0,0,0,0,0,0,1,2,0,0
雄武町,7,4130,2172,5,0,1,0,0,0,0,0,1,0,4,0,0
大空町,7,6771,3035,7,0,1,0,0,1,3,0,2,5,10,4,2
豊浦町,7,3627,2039,7,0,1,0,0,0,4,0,0,1,6,13,4
壮瞥町,7,2362,1287,3,0,1,0,0,0,7,1,1,3,6,1,0
白老町,7,15721,9308,9,0,1,0,0,0,7,0,2,7,21,10,6
厚真町,7,4381,2129,5,0,0,1,0,2,8,0,3,1,7,12,1
洞爺湖町,7,8147,4728,8,0,2,0,1,2,27,0,2,10,20,2,1
安平町,7,7314,3968,4,0,1,0,1,2,14,1,2,5,9,2,4
むかわ町,7,7488,4024,7,0,1,0,1,0,4,0,3,5,2,161,2
平取町,7,4594,2411,9,0,0,0,0,0,5,0,2,3,4,115,0
新冠町,7,5187,2776,3,0,1,0,0,0,5,0,1,3,2,38,0
浦河町,7,11694,6688,8,0,1,3,0,1,6,0,3,10,12,69,0
様似町,7,3983,2088,2,0,0,0,0,0,3,1,1,3,3,2,0
えりも町,7,4320,2083,7,0,0,0,0,0,0,0,0,3,2,7,0
新ひだか町,7,21040,11434,11,0,3,12,2,7,24,7,5,19,14,157,0
音更町,7,43268,20699,18,1,4,0,0,0,5,0,3,4,47,0,0
士幌町,7,5883,2754,8,0,0,1,0,3,10,1,2,8,9,0,0
上士幌町,7,4890,2590,6,0,3,2,0,1,21,1,7,2,16,2,0
鹿追町,7,5144,2492,8,0,0,0,0,0,3,0,2,0,9,2,0
新得町,7,5581,3230,6,0,0,0,2,0,8,1,2,4,5,1,1
芽室町,7,18029,8021,10,0,0,0,0,0,2,0,2,3,27,3,2
中札内村,7,3902,1932,4,0,1,0,0,0,6,0,1,0,9,0,0
更別村,7,3158,1365,4,0,2,0,1,1,9,0,0,5,1,0,0
大樹町,7,5439,2794,3,0,1,0,0,0,1,0,1,2,5,0,0
広尾町,7,6229,3231,4,0,0,0,0,0,1,0,2,2,2,0,0
幕別町,7,25897,12601,18,0,1,0,0,0,1,0,2,1,67,0,2
豊頃町,7,2977,1464,3,0,1,0,0,0,0,0,0,2,3,0,2
本別町,7,6375,3464,6,1,1,0,0,0,0,0,1,0,11,0,0
足寄町,7,6350,3359,7,0,0,0,0,0,2,0,0,3,12,2,0
陸別町,7,2217,1283,2,0,0,0,1,0,1,0,1,1,2,8,0
浦幌町,7,4302,2199,4,0,0,0,0,0,0,0,0,0,4,2,3
釧路町,7,18879,9663,11,0,0,0,0,0,13,7,8,11,35,4,4
厚岸町,7,8589,4266,9,0,1,0,0,0,2,0,2,4,10,2,4
浜中町,7,5411,2490,8,0,1,0,0,0,0,0,0,2,6,2,3
標茶町,7,7179,3672,9,0,0,0,0,0,3,0,0,1,5,0,4
弟子屈町,7,6699,3784,8,0,1,0,0,0,6,0,1,5,6,6,3
鶴居村,7,2485,1206,5,0,1,0,0,0,0,0,1,1,1,0,0
白糠町,7,7234,3957,5,0,0,0,0,0,5,0,0,6,26,8,3
別海町,7,14372,6817,17,0,0,0,0,0,4,0,1,5,8,3,0
中標津町,7,22729,11456,10,0,1,1,1,5,23,8,8,18,19,0,0
標津町,7,4952,2359,4,0,0,0,0,0,1,0,0,4,3,2,0
羅臼町,7,4488,2023,5,0,0,0,0,0,3,0,1,2,3,2,0
青森市,7,271544,137074,102,5,12,10,99,55,540,61,71,120,140,276,19
弘前市,7,164243,80632,53,1,15,15,30,22,131,32,30,76,129,667,18
八戸市,7,221229,110195,120,11,16,12,82,50,367,26,48,126,224,682,13
黒石市,7,31557,13930,9,0,0,0,1,1,10,3,6,10,12,106,2
五所川原市,7,51637,25629,16,0,2,7,16,13,48,13,17,26,32,161,10
十和田市,7,59024,28054,26,4,4,1,17,9,126,5,24,27,24,0,0
三沢市,7,38274,19517,13,0,4,0,10,6,116,10,11,23,38,2,1
むつ市,7,53884,28582,16,1,2,2,2,3,21,9,12,24,33,2,5
つがる市,7,30185,13505,9,0,0,0,0,2,10,7,7,9,10,136,4
平川市,7,30126,12255,12,0,0,1,0,0,5,3,4,6,8,72,7
平内町,7,10187,4803,2,0,0,0,2,0,17,1,2,5,9,2,4
今別町,7,2311,1335,2,0,1,0,0,0,6,0,0,1,5,9,6
蓬田村,7,2581,1131,2,0,0,0,0,0,0,0,0,0,0,2,4
外ヶ浜町,7,5358,2716,4,0,1,0,1,1,8,0,1,2,4,6,6
鰺ヶ沢町,7,8981,4398,3,0,1,1,0,2,9,1,2,3,5,79,2
深浦町,7,7280,3552,3,0,0,0,0,0,5,0,1,1,10,51,17
西目屋村,7,1272,550,1,0,0,0,0,0,0,0,0,0,2,4,0
藤崎町,7,14578,6160,2,0,1,0,0,0,3,2,1,5,3,21,3
大鰐町,7,8688,4115,2,0,1,1,0,0,1,0,1,2,1,41,5
田舎館村,7,7419,2835,0,0,0,0,0,0,3,0,0,2,3,24,3
板柳町,7,12714,5455,2,0,0,0,0,1,2,3,2,3,15,19,1
鶴田町,7,11988,5365,4,0,0,3,0,1,5,1,4,10,2,22,2
中泊町,7,10000,4967,6,0,0,4,0,1,7,0,1,3,10,50,3
野辺地町,7,12341,6372,4,0,1,0,5,6,40,1,3,6,6,3,3
七戸町,7,14631,6843,7,0,0,0,0,0,2,0,1,3,10,4,1
六戸町,7,10836,4644,5,0,0,0,0,0,0,0,0,3,4,0,0
横浜町,7,4286,2145,4,0,0,1,1,1,9,0,2,5,5,0,4
東北町,7,16625,7251,4,0,0,0,4,1,21,0,8,7,9,2,4
六ヶ所村,7,9886,4996,7,0,1,0,0,0,4,0,0,3,25,6,0
おいらせ町,7,25284,10815,9,0,2,0,0,1,5,1,4,9,8,4,2
大間町,7,4870,2500,2,0,1,0,0,0,26,0,4,2,4,0,0
東通村,7,5923,2828,2,0,0,0,0,0,0,0,0,0,5,0,0
風間浦村,7,1690,866,5,0,0,0,0,0,3,0,1,1,2,0,0
佐井村,7,1734,878,3,0,0,0,0,0,3,0,1,0,1,0,0
三戸町,7,9172,4147,4,1,1,0,2,1,11,1,5,2,4,2,1
五戸町,7,16088,7041,8,0,1,0,0,0,0,0,2,3,2,0,0
田子町,7,4986,2103,4,0,0,0,0,0,1,0,0,0,6,0,0
階上町,7,12909,6022,11,0,0,0,0,1,16,0,3,6,16,5,2
新郷村,7,2211,901,4,0,0,0,0,0,0,0,0,0,3,0,0
盛岡市,7,282960,138238,84,6,15,27,28,21,175,22,40,87,330,216,13
宮古市,7,48038,22959,31,2,4,2,1,3,18,7,11,13,31,52,22
大船渡市,7,33540,14765,34,0,3,2,0,0,24,3,11,14,33,39,7
花巻市,7,92385,38726,32,0,3,1,9,7,54,8,15,31,69,17,8
北上市,7,92056,40866,31,1,2,17,19,20,145,18,13,49,64,13,9
久慈市,7,32645,15488,24,0,3,7,0,4,33,3,4,11,25,2,4
遠野市,7,25058,10689,4,0,3,1,0,2,14,0,5,7,14,7,12
一関市,7,109697,46385,56,6,7,14,23,21,114,18,30,47,116,84,17
陸前高田市,7,17970,7609,15,0,3,3,0,2,13,1,4,12,14,25,0
釜石市,7,30624,15881,27,0,6,13,1,8,44,6,6,15,20,18,9
二戸市,7,25138,11715,3,0,1,0,0,0,4,1,3,5,6,6,3
八幡平市,7,23975,10598,0,0,1,0,0,1,4,0,2,7,3,1,12
奥州市,7,111632,46340,25,1,4,4,29,17,135,8,10,27,18,8,4
滝沢市,7,55273,24034,9,1,0,0,0,0,5,0,5,20,50,9,4
雫石町,7,15559,6374,2,0,0,1,0,0,9,0,2,1,9,0,3
葛巻町,7,5607,2678,3,0,0,0,0,0,0,0,0,2,1,0,0
岩手町,7,12133,5374,1,0,0,0,1,2,4,0,1,2,9,7,3
紫波町,7,33049,12814,6,0,0,0,1,0,1,0,0,5,23,6,3
矢巾町,7,26570,10985,7,1,2,2,4,4,17,3,3,6,15,2,1
西和賀町,7,5022,2225,7,0,0,3,2,0,22,0,7,2,18,8,3
金ケ崎町,7,15239,6268,1,0,0,0,0,0,2,1,2,3,9,4,2
平泉町,7,7010,2605,3,0,0,0,1,2,35,1,1,4,4,2,1
住田町,7,4906,2073,4,0,0,0,0,0,0,0,1,3,0,7,1
大槌町,7,10928,5279,5,0,0,1,0,0,5,4,2,5,8,6,3
山田町,7,14486,6475,15,0,2,0,1,1,7,3,8,10,11,36,4
岩泉町,7,8310,4204,9,0,1,0,0,0,0,0,2,4,3,10,1
田野畑村,7,3061,1359,4,0,0,0,0,0,0,0,0,0,1,2,2
普代村,7,2441,1102,4,0,0,0,0,0,1,0,0,0,2,1,3
軽米町,7,8312,3687,1,0,0,1,0,0,0,0,1,2,0,0,0
野田村,7,4027,1661,2,0,0,0,0,0,0,0,2,1,3,1,3
九戸村,7,5365,2183,1,0,0,0,0,0,0,0,0,0,0,0,0
洋野町,7,15421,6787,7,0,1,0,0,0,5,1,3,3,1,2,8
一戸町,7,11233,5482,8,0,1,5,0,3,17,0,3,6,9,24,4
仙台市,7,1067486,537584,405,37,53,189,517,461,2135,211,239,562,1567,1453,56
石巻市,7,136822,62209,107,3,11,15,54,42,341,23,61,94,152,26,13
塩竈市,7,52474,24003,16,0,3,0,32,19,100,6,18,19,91,29,4
気仙沼市,7,58926,26212,44,0,5,5,15,19,156,14,33,46,94,79,2
白石市,7,31968,14174,23,0,2,0,21,12,83,4,20,21,31,9,5
名取市,7,79630,32883,26,1,3,13,28,25,112,22,16,35,97,182,5
角田市,7,27262,11434,16,2,3,1,13,10,57,4,14,15,21,2,4
多賀城市,7,62204,28063,21,0,3,0,25,23,102,12,15,32,148,29,4
岩沼市,7,43656,18670,25,0,3,11,16,18,94,7,19,23,92,78,1
登米市,7,74795,27237,71,0,6,16,20,30,203,9,43,44,73,15,6
栗原市,7,63299,24914,45,1,6,1,39,29,158,4,52,36,40,7,3
東松島市,7,38919,16541,30,0,3,3,17,10,75,4,15,21,74,1,8
大崎市,7,125444,52757,110,2,12,13,56,44,331,23,72,84,165,27,16
富谷市,7,52399,20191,21,0,3,1,19,16,77,7,12,19,90,25,0
蔵王町,7,11264,4550,11,0,2,0,3,2,47,2,9,10,4,0,0
七ヶ宿町,7,1258,619,4,0,0,0,1,0,9,0,3,0,0,1,0
大河原町,7,23578,10297,20,0,2,2,14,14,68,4,10,16,35,2,1
村田町,7,10241,4085,5,0,1,0,1,2,28,0,8,9,2,0,0
柴田町,7,36972,16244,18,1,1,3,15,13,76,3,22,19,59,4,5
丸森町,7,12192,4923,10,0,2,0,3,1,23,0,13,5,1,0,3
亘理町,7,33270,13187,12,0,0,1,15,8,47,1,6,18,37,25,3
山元町,7,11726,4814,8,0,1,1,2,5,22,0,5,8,7,6,2
松島町,7,13321,5720,10,0,1,0,4,2,53,2,6,7,20,7,7
七ヶ浜町,7,18014,6835,10,0,0,1,3,3,13,0,4,5,48,0,0
利府町,7,35960,14035,19,0,2,2,13,11,47,13,14,17,79,19,3
大和町,7,28179,12297,23,1,1,0,12,8,60,1,15,16,33,21,0
大郷町,7,7728,2892,5,0,0,0,1,0,6,0,4,6,1,0,0
大衡村,7,5650,2098,5,0,0,0,1,1,8,0,0,4,4,0,0
色麻町,7,6401,2083,3,0,2,0,0,1,10,0,2,3,4,0,0
加美町,7,21774,8246,28,0,0,0,13,10,51,2,22,7,3,0,0
涌谷町,7,14930,5985,14,0,5,0,5,5,37,0,12,7,21,5,3
女川町,7,5982,3019,5,0,1,0,0,1,22,2,1,5,8,20,2
南三陸町,7,11979,4452,7,0,1,0,0,0,27,0,6,8,13,14,0
秋田市,7,300470,146859,104,4,25,35,148,125,697,65,70,164,728,276,13
能代市,7,49353,24130,20,0,5,5,10,2,65,9,16,17,127,24,8
横手市,7,84294,34037,30,3,5,30,21,36,167,26,25,46,199,336,7
大館市,7,68083,31508,35,2,8,2,21,18,95,10,16,33,146,22,10
男鹿市,7,24784,12523,13,0,1,2,3,6,34,1,5,6,63,4,5
湯沢市,7,41479,17656,14,1,1,5,16,15,91,8,13,19,63,13,8
鹿角市,7,28473,12611,16,0,5,1,5,6,48,1,13,13,111,18,8
由利本荘市,7,72753,30810,33,0,8,1,25,18,214,8,38,48,161,17,19
潟上市,7,31836,14153,15,0,2,3,10,7,36,2,15,15,90,5,6
大仙市,7,76537,31583,42,1,7,7,2,2,22,4,19,38,141,13,10
北秋田市,7,29339,13649,18,1,1,4,7,9,49,2,11,14,112,42,21
にかほ市,7,23047,9404,8,0,2,0,6,5,47,0,5,5,57,11,5
仙北市,7,24100,10411,16,0,1,2,1,1,66,4,5,17,66,17,14
小坂町,7,4688,2294,2,0,0,0,0,1,4,0,1,2,18,2,0
上小阿仁村,7,2029,1043,1,0,0,0,0,0,1,0,0,1,10,1,0
藤里町,7,2899,1316,1,0,0,2,0,0,6,1,1,0,18,1,0
三種町,7,15020,6757,9,0,2,3,2,1,7,0,6,4,54,8,4
八峰町,7,6473,2981,4,0,0,0,0,1,4,0,0,1,20,4,6
五城目町,7,8369,3883,3,0,1,1,0,0,10,0,0,3,28,0,0
八郎潟町,7,5376,2427,4,0,1,0,3,3,12,0,2,5,22,3,1
井川町,7,4386,1719,2,0,0,2,0,3,1,0,1,1,20,2,1
大潟村,7,3010,1133,1,0,0,0,0,0,0,0,1,2,28,0,0
羽後町,7,13642,5142,7,0,1,1,0,1,23,0,3,3,20,0,0
東成瀬村,7,2392,964,2,0,0,0,0,0,1,0,0,1,6,0,0
山形市,7,240441,105603,86,2,15,30,68,69,385,41,55,108,160,30,12
米沢市,7,77232,33605,32,1,5,1,38,28,246,5,30,36,5,17,9
鶴岡市,7,120398,49436,43,1,7,3,71,32,257,16,46,45,155,168,10
酒田市,7,97395,42659,43,1,7,67,23,38,295,14,37,49,114,319,5
新庄市,7,33374,13820,23,0,5,0,20,19,111,4,16,19,18,6,5
寒河江市,7,40086,14594,15,0,1,2,21,16,122,5,12,17,31,7,5
上山市,7,28584,11234,8,0,2,0,13,8,80,1,19,10,2,2,3
村山市,7,22232,8007,7,0,0,0,10,7,54,0,13,9,2,2,2
長井市,7,25276,10007,7,0,1,1,15,12,84,4,10,12,5,5,7
天童市,7,61052,22867,24,1,3,1,31,21,141,10,15,33,30,6,4
東根市,7,47982,18528,12,0,1,0,21,12,88,11,12,21,12,1,3
尾花沢市,7,14433,5241,4,0,0,0,7,4,44,0,13,7,1,0,1
南陽市,7,29848,11448,11,0,2,7,14,11,88,0,13,10,5,2,7
山辺町,7,13685,4842,5,0,0,0,5,2,14,1,2,2,2,1,1
中山町,7,10722,3743,3,0,0,0,4,5,11,0,2,3,5,2,2
河北町,7,17322,6288,6,0,1,0,7,2,48,1,9,6,5,0,0
西川町,7,4775,1789,1,0,1,0,0,0,11,0,5,1,0,0,0
大江町,7,7429,2800,1,0,0,0,1,3,17,0,0,2,0,1,1
大石田町,7,6322,2245,2,0,0,0,3,1,10,0,4,0,0,2,2
最上町,7,7797,2790,9,0,2,0,1,0,11,0,8,4,1,1,7
舟形町,7,4887,1845,2,0,0,0,1,0,2,0,0,1,0,0,3
真室川町,7,6884,2571,10,0,2,0,0,0,11,0,4,2,2,9,4
大蔵村,7,2939,1034,4,0,0,0,1,0,4,0,1,0,0,25,0
鮭川村,7,3871,1334,1,0,0,0,0,0,2,0,0,0,0,1,1
戸沢村,7,4071,1545,1,0,0,0,0,0,6,1,4,4,0,1,3
高畠町,7,22094,7796,9,0,0,4,6,6,46,1,6,13,3,9,2
白鷹町,7,12758,4706,6,0,1,0,0,0,20,1,3,3,2,1,4
飯豊町,7,6530,2310,3,0,0,0,1,0,5,0,1,2,3,3,3
三川町,7,7195,2475,6,0,1,0,1,0,19,4,5,3,13,0,0
庄内町,7,19897,7115,5,0,2,0,5,4,36,2,4,3,24,1,6
遊佐町,7,12796,4934,6,0,1,1,0,0,19,0,5,2,9,9,3
福島市,7,270744,124704,92,2,11,11,5,7,88,37,34,102,120,270,22
会津若松市,7,114200,52290,59,2,11,85,3,33,272,49,52,66,111,83,13
郡山市,7,317486,144812,85,1,8,17,0,9,191,28,37,77,103,22,12
いわき市,7,310890,146722,140,2,20,24,6,20,144,52,41,118,141,64,15
白河市,7,58743,25138,13,0,2,9,0,2,76,4,8,30,11,18,3
須賀川市,7,74634,30266,7,0,0,0,0,3,5,4,8,21,3,9,3
喜多方市,7,45078,18757,36,0,11,8,0,8,78,0,5,17,13,5,6
相馬市,7,33355,14328,15,0,1,9,0,4,35,6,5,16,15,6,2
二本松市,7,52162,20520,5,0,0,0,1,0,12,0,1,11,14,9,3
田村市,7,34264,12822,5,0,2,0,0,0,7,1,4,9,1,0,6
南相馬市,7,57527,24499,26,0,2,10,0,2,56,5,8,31,24,34,5
本宮市,7,29958,11278,4,0,0,0,1,0,13,4,3,5,2,4,2
桑折町,7,11229,4604,5,0,0,0,0,0,0,0,0,0,2,2,1
国見町,7,8400,3388,0,0,0,0,0,0,0,0,0,0,1,4,2
川俣町,7,11958,5349,5,0,0,0,0,0,0,1,1,4,0,0,0
大玉村,7,8762,3067,3,0,1,0,0,0,5,0,1,3,0,0,0
鏡石町,7,12531,4929,3,0,0,6,0,0,6,0,3,6,2,2,1
天栄村,7,5304,1982,0,0,0,0,0,0,4,0,0,2,0,3,0
下郷町,7,5123,2166,5,0,0,0,1,0,22,0,0,3,8,34,6
檜枝岐村,7,521,202,0,0,0,0,0,0,2,1,0,1,0,3,0
只見町,7,3961,1833,12,0,1,1,0,1,4,2,4,2,0,1,3
南会津町,7,14176,6445,14,0,1,5,1,1,7,0,2,7,6,10,8
北塩原村,7,2478,1071,6,0,0,0,1,0,12,0,0,2,0,1,0
西会津町,7,5694,2528,1,0,0,0,0,0,4,0,1,1,1,0,4
磐梯町,7,3289,1197,0,0,0,0,0,0,6,1,1,2,0,0,1
猪苗代町,7,13145,5333,8,0,0,1,0,0,35,2,2,3,2,8,6
会津坂下町,7,14777,5820,5,0,1,0,0,2,4,0,4,6,7,1,4
湯川村,7,3073,1024,3,0,0,0,0,0,1,0,0,2,0,0,1
柳津町,7,3042,1249,3,0,0,0,0,0,6,2,1,1,8,4,3
三島町,7,1414,695,3,0,0,0,0,0,6,1,0,2,2,2,4
会津美里町,7,18944,7297,14,0,1,0,0,0,3,0,2,4,8,0,3
西郷村,7,20317,8562,3,0,0,1,1,3,18,1,1,8,1,24,1
泉崎村,7,6205,2382,0,0,0,0,0,0,2,0,0,5,0,1,1
中島村,7,4860,1713,2,0,0,0,0,0,0,0,0,0,0,0,0
矢吹町,7,16960,6864,5,0,0,0,0,0,10,3,2,6,6,2,1
棚倉町,7,13277,5110,3,0,0,0,0,0,2,0,3,5,0,3,3
矢祭町,7,5352,2084,4,0,0,0,0,0,0,0,0,2,1,29,4
塙町,7,8195,3296,2,0,0,0,0,0,0,0,1,1,0,2,1
鮫川村,7,3033,1070,2,0,0,0,0,0,0,0,0,0,0,0,0
石川町,7,14122,5693,2,0,0,0,0,0,0,0,1,2,2,3,2
玉川村,7,6312,2205,0,0,0,0,0,0,0,0,0,3,3,1,2
平田村,7,5625,2181,0,0,1,0,0,0,9,0,2,2,10,0,0
浅川町,7,5984,2167,0,0,0,0,0,0,0,0,0,3,0,2,2
古殿町,7,4774,1730,0,0,0,0,0,0,0,0,0,2,0,0,0
三春町,7,16489,6520,7,0,0,0,0,0,5,2,1,1,4,0,1
小野町,7,9313,3726,1,0,0,0,0,0,0,0,2,2,0,0,2
広野町,7,4672,2272,4,0,2,0,1,0,4,1,1,5,7,3,1
楢葉町,7,6648,3153,2,0,1,0,0,1,10,0,1,4,2,6,3
富岡町,7,11736,5645,5,0,1,1,0,0,3,3,1,4,3,22,2
川内村,7,2366,1179,0,0,0,0,0,0,0,0,0,2,1,0,0
大熊町,7,10002,3914,6,0,2,1,0,0,5,0,1,1,5,4,1
双葉町,7,5539,2197,4,0,0,0,0,0,2,0,0,1,0,2,1
浪江町,7,15590,6666,8,0,0,1,0,0,13,0,2,4,3,2,1
葛尾村,7,1307,489,0,0,0,0,0,0,0,0,0,0,0,0,0
新地町,7,7716,2937,5,0,1,2,0,0,7,0,1,6,12,4,2
飯舘村,7,4824,1808,2,0,0,0,0,0,0,0,0,2,2,0,0
水戸市,7,270010,130100,80,10,16,83,32,29,202,55,32,137,114,1206,7
日立市,7,169785,81828,53,1,9,0,6,2,53,25,29,55,261,715,5
土浦市,7,141418,69840,41,3,5,1,1,2,44,13,25,67,220,401,3
古河市,7,140959,63896,41,2,8,12,7,7,104,13,22,60,40,304,1
石岡市,7,71817,31700,29,0,7,0,1,2,18,7,9,31,51,350,2
結城市,7,50349,21103,14,0,2,3,2,0,14,6,11,23,13,14,3
龍ケ崎市,7,75813,35137,24,0,5,1,0,0,23,7,10,22,80,216,4
下妻市,7,42419,17715,12,0,0,2,2,4,30,6,7,11,18,42,4
常総市,7,61562,25592,17,0,6,2,2,4,24,5,5,19,34,95,7
常陸太田市,7,48222,21117,29,0,0,0,3,0,7,3,4,19,21,586,3
高萩市,7,26866,12685,12,0,1,0,0,0,5,1,3,7,28,109,1
北茨城市,7,41448,19216,20,0,1,1,1,0,7,4,6,8,34,7,3
笠間市,7,73787,32299,23,1,2,0,0,0,20,9,9,22,31,183,6
取手市,7,106011,50447,31,0,7,4,1,0,20,8,14,23,79,250,9
牛久市,7,84293,37922,20,1,5,1,3,4,34,13,9,25,114,175,2
つくば市,7,252202,114685,88,2,20,16,14,16,276,45,37,127,211,770,6
ひたちなか市,7,156435,70965,33,1,2,0,4,2,33,18,20,51,133,414,14
鹿嶋市,7,66274,30904,23,0,10,0,0,0,17,7,13,27,12,0,6
潮来市,7,26890,11498,12,0,2,0,0,0,16,2,1,7,18,1,2
守谷市,7,70414,29768,19,0,4,2,0,0,4,27,7,14,68,134,4
常陸大宮市,7,39370,17580,20,0,0,5,0,2,13,3,7,15,24,319,6
那珂市,7,53839,23313,16,1,0,0,0,0,10,4,6,21,10,140,9
筑西市,7,101606,42928,30,0,5,2,3,5,29,4,11,42,31,76,9
坂東市,7,52639,21201,21,0,1,0,3,0,9,1,4,11,25,141,0
稲敷市,7,38377,16362,20,0,3,1,0,0,9,5,1,18,14,134,0
かすみがうら市,7,40628,18142,13,0,0,0,0,0,3,5,4,12,27,167,0
桜川市,7,39041,15478,19,0,0,0,0,0,9,2,4,18,29,49,3
神栖市,7,94710,43503,30,0,2,11,4,16,75,24,13,60,100,7,0
行方市,7,32502,13000,12,0,1,0,0,0,11,1,4,13,10,72,0
鉾田市,7,47181,21169,29,0,2,0,0,2,3,3,2,17,6,108,6
つくばみらい市,7,53004,22034,21,0,0,0,0,1,2,0,6,12,26,118,2
小美玉市,7,49224,21541,19,0,2,0,0,0,1,2,3,14,16,299,1
茨城町,7,31098,13382,7,3,1,0,0,0,3,2,4,12,11,108,0
大洗町,7,15932,7635,6,0,0,7,0,4,55,4,4,9,20,134,1
城里町,7,18379,7918,10,0,0,0,0,1,0,0,5,9,2,135,0
東海村,7,38424,16808,8,0,2,0,0,0,14,4,3,13,7,91,1
大子町,7,15444,7151,18,0,0,0,0,0,8,0,1,3,3,252,5
美浦村,7,14605,7143,5,0,1,0,0,0,0,0,1,3,20,47,0
阿見町,7,49161,22254,17,0,2,0,1,0,13,4,5,15,72,142,0
河内町,7,8140,3398,2,0,0,0,0,0,0,1,0,3,1,0,0
八千代町,7,21224,7909,6,0,0,0,0,0,0,0,2,8,6,15,0
五霞町,7,8112,3370,3,0,0,0,0,0,2,0,0,3,15,34,0
境町,7,24785,10095,7,0,2,0,1,1,3,2,7,6,4,49,0
利根町,7,15409,7103,5,0,0,0,0,0,5,2,1,2,29,1,0
宇都宮市,7,517497,242360,129,8,87,11,34,32,302,83,90,224,597,1559,9
足利市,7,142510,67565,44,0,11,14,2,15,101,32,28,57,94,415,10
栃木市,7,155669,66562,54,0,6,6,34,9,80,13,33,62,105,699,12
佐野市,7,115088,52573,46,1,9,6,6,4,67,7,13,33,89,356,9
鹿沼市,7,94606,40388,44,1,9,2,1,2,43,7,23,35,55,663,6
日光市,7,77546,36404,42,0,10,1,2,3,161,13,21,41,42,793,28
小山市,7,167277,75525,47,1,7,1,10,9,87,11,38,76,82,511,3
真岡市,7,79391,32726,30,0,6,2,6,2,21,6,18,19,58,183,6
大田原市,7,69455,29729,37,0,8,2,0,0,16,6,11,23,20,415,1
矢板市,7,30946,13292,15,0,4,5,3,2,22,3,5,16,4,51,2
那須塩原市,7,116733,52199,41,1,25,2,1,20,230,12,31,58,105,420,4
さくら市,7,43984,18150,13,0,8,0,20,7,42,6,10,24,15,83,2
那須烏山市,7,24601,10378,7,0,5,2,0,0,9,2,2,8,8,80,5
下野市,7,60140,25306,23,0,17,2,15,16,66,11,18,31,64,51,3
上三川町,7,30886,12334,9,0,3,0,0,0,13,2,5,11,16,68,0
益子町,7,21876,8820,9,0,1,2,0,0,2,0,2,7,2,53,2
茂木町,7,11977,4969,8,0,1,0,0,0,2,0,3,3,1,18,2
市貝町,7,11397,4538,5,0,1,2,0,1,1,0,1,3,6,56,3
芳賀町,7,15549,5852,4,0,1,0,1,5,0,0,2,4,12,91,0
壬生町,7,38600,16347,13,0,1,0,2,0,24,5,7,18,17,51,4
野木町,7,25164,10959,7,0,2,0,1,3,16,3,2,10,27,2,1
塩谷町,7,10322,4032,7,0,0,0,1,0,7,0,1,4,9,94,0
高根沢町,7,29074,12723,11,0,3,1,1,1,3,2,4,14,11,4,3
那須町,7,24281,10640,28,0,3,5,1,6,176,1,12,10,33,210,3
那珂川町,7,14865,5943,5,0,2,0,0,1,5,0,1,8,15,101,0
前橋市,7,331771,153544,150,10,33,7,19,16,174,53,48,129,377,312,19
高崎市,7,369314,170141,157,12,38,28,25,30,156,45,40,124,291,309,17
桐生市,7,104647,49438,65,0,15,5,2,4,110,21,15,41,37,23,13
伊勢崎市,7,212128,93918,64,2,19,5,12,3,94,40,32,98,229,83,5
太田市,7,222403,99704,80,0,17,5,11,5,75,17,20,85,192,161,9
沼田市,7,45305,20638,35,0,5,0,1,0,16,10,12,46,32,2,2
館林市,7,74427,34094,21,1,9,5,6,18,135,16,12,39,42,299,5
渋川市,7,73968,32644,48,0,12,0,0,0,27,10,9,24,30,22,8
藤岡市,7,62884,27773,28,1,7,3,2,1,26,9,11,37,38,24,2
富岡市,7,46427,20507,29,0,3,3,2,2,12,6,6,20,8,4,8
安中市,7,55245,24817,24,0,5,3,0,0,15,8,6,13,45,76,6
みどり市,7,49423,21264,19,0,3,0,6,3,43,14,13,25,19,7,10
榛東村,7,14610,6163,6,0,0,0,0,0,1,0,1,5,9,6,0
吉岡町,7,22371,8766,5,0,1,2,1,1,4,5,4,8,13,9,0
上野村,7,1075,557,2,0,0,0,0,0,3,0,0,0,1,0,0
神流町,7,1641,910,3,0,0,0,0,0,0,0,0,0,0,0,0
下仁田町,7,6549,3195,11,0,1,0,0,0,14,1,3,6,7,0,1
甘楽町,7,12601,5081,9,0,0,0,0,0,1,0,1,3,8,1,2
中之条町,7,14938,6688,16,0,4,2,0,0,15,3,1,5,17,6,2
長野原町,7,5326,2545,9,0,2,1,0,0,13,0,1,5,6,18,5
嬬恋村,7,9174,3925,9,0,0,1,1,0,13,0,3,4,2,6,3
草津町,7,6082,3429,2,0,2,0,1,1,20,4,2,9,4,19,0
東吾妻町,7,12661,5489,18,0,0,0,0,0,5,2,2,5,4,3,5
片品村,7,4088,1700,5,0,0,1,0,0,13,0,0,3,2,10,0
川場村,7,3105,1120,2,0,1,0,0,0,9,1,0,0,5,0,0
みなかみ町,7,17602,7935,19,0,2,0,1,1,13,10,3,13,10,10,6
玉村町,7,35980,16080,14,1,2,3,7,6,15,6,5,16,31,0,0
板倉町,7,13880,5875,6,0,0,0,0,0,2,0,1,2,10,129,1
千代田町,7,11021,4617,3,0,0,0,1,0,8,1,0,4,7,69,0
大泉町,7,41729,20137,12,0,1,1,0,0,6,6,8,14,29,33,3
邑楽町,7,25810,10663,8,0,3,0,0,0,5,3,4,12,25,46,2
さいたま市,7,1339333,631465,248,36,46,326,119,285,737,271,171,516,653,1659,39
川越市,7,353183,165838,87,0,38,15,3,13,211,84,46,128,269,426,13
熊谷市,7,193132,89090,54,1,16,6,6,1,77,20,17,51,96,325,8
川口市,7,604715,298203,89,4,19,26,17,16,127,66,80,161,260,809,9
行田市,7,78741,35632,29,0,3,7,2,13,75,15,14,25,30,120,5
秩父市,7,59244,26297,31,0,8,0,1,1,40,10,11,15,8,78,11
所沢市,7,344070,167329,59,1,33,16,22,21,175,80,46,116,98,118,11
飯能市,7,78445,36065,30,0,10,15,0,5,60,15,11,46,53,167,7
加須市,7,112179,49499,36,0,8,5,4,8,70,10,9,49,50,176,5
本庄市,7,77526,35821,35,3,16,0,0,1,43,17,11,32,88,100,3
東松山市,7,90651,42332,22,0,8,11,9,18,94,43,18,43,75,136,2
春日部市,7,231726,110693,48,2,30,3,3,7,63,55,30,83,134,284,8
狭山市,7,149360,71434,41,1,17,16,1,14,89,33,14,57,85,66,4
羽生市,7,53951,24082,20,1,10,5,7,4,54,12,14,29,38,19,4
鴻巣市,7,117798,52118,34,0,5,3,0,4,27,4,9,37,44,109,3
深谷市,7,141681,62037,48,1,14,0,1,2,50,17,14,46,95,44,7
上尾市,7,230229,106497,42,2,5,33,2,20,59,41,27,65,141,310,4
草加市,7,250966,123178,38,0,5,14,10,15,61,30,28,82,81,393,4
越谷市,7,343866,160382,67,1,21,5,6,2,93,56,49,111,137,517,8
蕨市,7,75282,40389,14,0,3,3,0,0,4,13,9,23,51,41,1
戸田市,7,141887,68332,21,0,18,1,0,3,34,27,15,37,71,87,3
入間市,7,145718,67625,46,3,11,11,5,9,107,34,19,54,77,104,6
朝霞市,7,144062,69031,18,0,4,0,5,7,35,28,20,38,38,128,3
志木市,7,76416,36080,19,0,4,6,5,4,25,12,10,18,37,100,1
和光市,7,83962,42950,18,2,3,4,2,4,25,20,11,27,35,45,2
新座市,7,165730,78153,37,2,7,14,1,7,49,38,23,43,129,39,2
桶川市,7,74680,33729,12,0,2,5,1,9,33,9,7,16,26,126,1
久喜市,7,150987,68201,46,0,9,2,3,2,25,6,17,57,49,239,5
北本市,7,65751,30308,13,0,3,5,1,2,32,9,8,11,21,90,1
八潮市,7,92365,45134,19,0,4,0,0,0,11,3,5,31,22,176,1
富士見市,7,112839,54432,25,0,9,22,2,14,71,24,25,43,89,109,3
三郷市,7,142410,67115,35,0,12,2,15,5,48,20,13,58,45,509,3
蓮田市,7,61211,27954,15,0,4,7,3,8,24,7,4,21,32,156,1
坂戸市,7,99763,47507,25,1,7,14,0,11,63,19,15,32,52,82,4
幸手市,7,49404,23087,17,0,5,0,0,0,5,5,8,13,18,49,1
鶴ヶ島市,7,70190,33081,15,0,2,35,1,5,88,15,21,34,80,118,1
日高市,7,54615,24653,14,1,2,3,2,4,32,10,7,36,44,49,4
吉川市,7,73001,31618,12,0,4,0,0,0,4,4,5,17,22,234,2
ふじみ野市,7,114156,53945,26,1,5,8,4,4,95,20,14,28,39,155,1
白岡市,7,52748,22738,14,0,3,6,3,7,22,6,7,19,23,31,2
伊奈町,7,45221,19439,23,1,6,3,5,6,67,7,6,20,44,164,5
三芳町,7,37738,16890,13,0,3,2,0,1,12,2,5,15,10,74,0
毛呂山町,7,32616,16100,10,0,2,6,0,2,42,5,8,17,23,29,4
越生町,7,11074,5096,6,0,5,0,0,0,26,0,2,5,10,57,4
滑川町,7,19711,8235,6,0,2,1,1,2,5,2,2,10,13,16,3
嵐山町,7,17596,8283,7,0,2,0,0,0,3,2,2,2,14,24,1
小川町,7,28244,13042,15,0,5,0,0,0,7,2,4,17,34,93,4
川島町,7,19188,8193,12,0,2,0,0,0,24,5,3,10,6,71,0
吉見町,7,18117,7874,7,1,1,1,0,0,5,0,1,5,2,38,0
鳩山町,7,13158,6074,3,1,2,0,0,0,4,0,2,4,42,49,0
ときがわ町,7,10589,4739,8,0,0,0,0,0,9,0,2,4,2,99,1
横瀬町,7,7835,3336,2,0,0,0,0,0,9,2,1,1,10,46,2
皆野町,7,9236,3995,7,0,2,0,0,0,9,2,2,5,0,2,2
長瀞町,7,6660,2897,3,0,0,0,0,0,14,6,2,5,2,0,4
小鹿野町,7,10622,4553,10,0,1,0,0,0,2,0,0,2,1,12,0
東秩父村,7,2548,1053,4,0,0,0,0,0,4,0,0,0,0,60,0
神川町,7,13122,5881,5,0,0,0,0,0,3,0,2,7,10,40,1
上里町,7,30554,13282,8,1,0,0,2,0,8,2,7,13,19,31,1
寄居町,7,32237,14886,11,0,3,0,0,0,7,1,5,17,15,45,9
宮代町,7,33514,15438,11,1,0,7,0,4,31,2,6,11,17,21,6
杉戸町,7,44168,19896,13,0,2,0,0,0,8,4,1,10,9,72,1
松伏町,7,28398,12263,6,0,2,0,0,1,4,1,3,12,22,116,0
千葉市,7,977016,480237,261,9,116,80,48,81,400,198,104,335,1180,518,50
銚子市,7,56373,26866,27,0,5,1,1,5,48,14,7,28,51,184,14
市川市,7,491577,252997,97,4,23,27,7,21,138,64,54,142,218,295,16
船橋市,7,647037,315830,124,1,29,24,38,50,360,186,76,235,501,287,33
館山市,7,44677,23270,23,1,5,5,3,2,83,8,10,36,40,321,3
木更津市,7,136303,65004,41,2,22,9,6,15,158,29,16,67,147,250,6
松戸市,7,497120,247529,92,6,47,101,44,153,528,224,91,195,182,326,23
野田市,7,153661,71249,40,0,13,4,2,6,87,25,17,61,122,273,11
茂原市,7,87358,41621,27,0,8,3,0,6,37,14,7,21,87,9,3
成田市,7,130944,63748,61,2,10,6,10,7,216,45,18,88,92,711,14
佐倉市,7,171460,81053,58,2,6,6,1,5,49,30,15,41,74,28,12
東金市,7,57268,27567,20,2,5,2,4,1,46,12,12,33,28,48,3
旭市,7,63379,26974,23,0,6,2,6,2,35,12,9,32,22,31,4
習志野市,7,174812,83135,44,1,10,5,4,6,43,37,18,62,82,115,7
柏市,7,433733,203482,99,1,23,31,8,35,241,65,70,151,360,378,10
勝浦市,7,16097,8315,14,0,1,0,0,0,5,0,2,8,3,8,4
市原市,7,270085,129776,89,1,19,4,0,5,36,19,14,58,269,38,21
流山市,7,208401,92305,48,1,11,15,17,25,144,36,44,68,328,126,11
八千代市,7,204717,95183,49,0,9,16,5,25,96,29,21,48,84,29,7
我孫子市,7,130964,61247,28,3,8,4,1,9,54,32,19,41,182,164,7
鴨川市,7,31277,16076,14,0,6,0,1,0,25,3,7,16,26,367,5
鎌ケ谷市,7,109564,51615,18,0,6,44,6,44,59,31,13,38,243,25,8
君津市,7,81176,39153,39,1,5,1,4,4,60,13,12,38,170,313,8
富津市,7,41773,19998,20,1,5,0,2,3,34,1,3,15,36,161,6
浦安市,7,169552,84002,51,0,7,10,0,8,78,41,15,54,72,391,11
四街道市,7,96226,43346,31,0,5,0,1,0,13,5,8,20,45,14,2
袖ケ浦市,7,65659,29090,16,0,1,35,0,0,10,4,2,26,56,53,4
八街市,7,67396,32583,17,0,4,0,3,2,32,9,11,33,4,33,2
印西市,7,109953,44773,42,0,4,1,0,2,21,15,10,30,52,25,5
白井市,7,62845,26733,20,1,2,0,3,0,21,5,10,19,90,8,2
富里市,7,49404,24208,13,0,4,0,1,3,55,8,5,30,18,163,0
南房総市,7,35593,17084,18,0,3,0,2,2,16,2,5,26,41,291,6
匝瑳市,7,34338,14725,19,0,4,0,4,1,11,6,3,17,8,7,2
香取市,7,71868,31226,42,1,6,14,2,6,73,15,12,42,30,282,6
山武市,7,49103,22689,21,0,2,0,3,1,45,5,6,17,13,67,3
いすみ市,7,35896,16954,17,0,3,0,0,0,4,2,2,9,3,14,11
大網白里市,7,48417,22254,16,0,0,1,4,3,9,2,7,22,30,10,2
酒々井町,7,20339,9915,6,0,2,1,1,2,15,7,3,11,21,9,4
栄町,7,19933,9230,12,0,1,0,0,0,5,0,2,7,6,48,1
神崎町,7,5761,2488,5,0,1,0,0,0,3,0,1,4,2,2,1
多古町,7,13813,6006,9,0,1,0,1,0,12,1,4,10,9,52,0
東庄町,7,13125,5287,6,0,1,0,0,0,2,0,1,3,10,3,2
九十九里町,7,14625,6995,5,0,1,0,0,1,5,0,2,5,2,30,0
芝山町,7,6905,3020,4,0,1,0,0,0,4,0,3,6,7,23,0
横芝光町,7,22697,9895,10,0,1,3,3,10,60,3,6,11,10,41,1
一宮町,7,12304,5631,5,0,1,0,1,0,1,0,0,5,0,4,2
睦沢町,7,6746,2820,3,0,0,0,0,0,0,0,2,2,1,2,0
長生村,7,13738,6133,4,0,0,0,0,0,0,0,0,1,2,2,1
白子町,7,10721,4999,4,0,0,0,0,0,0,0,0,5,0,0,0
長柄町,7,6444,2947,5,0,1,0,0,0,7,0,0,1,1,0,0
長南町,7,7433,3203,5,0,0,0,0,0,0,1,0,1,1,0,0
大多喜町,7,8365,3787,7,1,3,0,0,0,3,1,1,5,1,5,8
御宿町,7,7114,3678,5,0,0,0,0,0,0,0,1,2,0,1,1
鋸南町,7,6990,3463,4,0,2,0,1,0,18,1,1,6,2,33,2
千代田区,7,67911,38548,52,39,19,49,25,76,1074,275,39,245,44,307,51
中央区,7,174074,98723,25,0,7,31,11,29,664,83,36,182,98,281,32
港区,7,261615,149488,79,7,23,89,17,149,1439,281,67,341,134,548,46
新宿区,7,346279,223207,85,20,20,71,31,94,1299,284,86,342,128,392,43
文京区,7,229653,126436,90,25,11,63,21,79,562,108,49,129,89,230,20
台東区,7,207479,128550,55,14,7,79,31,128,1126,257,72,198,74,312,23
墨田区,7,279985,162280,53,1,19,34,4,44,338,102,49,143,121,269,16
江東区,7,532882,283280,98,1,18,37,15,40,284,135,54,250,244,600,34
品川区,7,404196,228925,72,9,20,37,11,28,334,118,71,222,197,311,34
目黒区,7,278635,157952,55,0,15,27,5,18,216,59,50,104,89,162,10
大田区,7,728425,401856,122,6,45,153,11,137,483,190,134,292,215,530,43
世田谷区,7,915439,491585,190,12,54,192,22,197,774,203,137,353,307,576,40
渋谷区,7,229412,140597,65,18,26,47,20,53,936,234,43,257,118,376,27
中野区,7,333593,209150,78,5,15,72,6,70,435,84,63,141,145,256,13
杉並区,7,570786,325953,128,8,31,168,32,198,843,192,97,232,334,568,19
豊島区,7,288704,181268,64,12,16,34,16,36,407,133,54,212,128,206,30
北区,7,353732,202565,93,3,2,41,55,53,335,98,76,147,205,217,20
荒川区,7,216814,119134,45,6,4,51,21,29,211,68,55,88,146,216,28
板橋区,7,568241,320619,102,5,11,23,39,31,221,100,106,209,324,263,20
練馬区,7,738914,385142,148,3,9,86,44,69,342,129,107,239,552,488,21
足立区,7,690114,365583,127,0,3,79,52,65,383,226,118,285,602,1030,28
葛飾区,7,464175,243962,95,5,7,102,25,70,328,147,87,181,349,430,12
江戸川区,7,688153,348547,119,6,20,58,21,66,271,128,109,246,391,536,11
八王子市,7,562145,279627,203,15,54,50,28,73,484,202,73,224,436,1167,23
立川市,7,185483,95713,53,4,13,9,2,13,133,69,26,100,134,315,13
武蔵野市,7,147964,78281,42,2,14,33,17,35,225,86,26,81,98,289,4
三鷹市,7,189916,96249,39,3,11,39,13,43,106,29,29,71,69,306,2
青梅市,7,130274,64640,33,0,16,16,33,36,126,58,26,62,144,437,13
昭島市,7,114259,56276,29,0,8,2,4,7,59,42,14,54,62,167,3
調布市,7,238505,122585,63,4,15,45,3,43,300,113,48,109,106,350,9
町田市,7,430831,205310,133,17,24,180,14,156,287,120,67,163,354,775,10
小金井市,7,124756,62753,50,1,5,9,4,18,76,46,15,49,65,111,3
小平市,7,196924,95738,68,5,9,8,0,4,66,27,24,72,83,211,7
日野市,7,187254,92594,59,1,6,26,2,22,110,45,21,56,118,262,12
東村山市,7,151814,75556,34,1,12,5,6,4,50,25,26,44,38,110,11
国分寺市,7,128238,63479,32,0,6,12,1,10,52,26,16,44,47,155,4
国立市,7,76168,39142,43,2,1,8,0,6,47,27,14,33,43,66,3
福生市,7,56201,30380,14,0,6,2,9,12,66,34,14,34,68,47,6
狛江市,7,82749,43227,17,0,2,16,1,13,38,11,8,29,75,102,2
東大和市,7,84870,40282,21,0,11,1,0,1,35,20,13,30,54,128,4
清瀬市,7,74702,36697,26,0,17,10,2,3,39,9,11,32,73,80,1
東久留米市,7,116839,56093,38,0,4,2,1,5,31,12,18,27,160,104,1
武蔵村山市,7,71296,32476,31,0,6,1,2,0,24,26,11,28,27,104,0
多摩市,7,148210,74531,32,2,8,16,8,17,96,43,23,53,153,353,7
稲城市,7,93421,42397,29,1,4,10,1,10,41,14,11,29,65,201,6
羽村市,7,54504,26355,15,0,3,6,7,14,79,25,12,32,61,104,2
あきる野市,7,79807,36790,31,0,7,1,7,7,42,19,13,28,44,159,5
西東京市,7,205876,101119,41,0,5,17,5,17,90,33,22,54,175,186,5
瑞穂町,7,32161,15199,13,0,2,0,4,3,27,19,4,24,46,66,1
日の出町,7,16409,7507,8,0,5,2,0,3,6,3,2,7,14,51,0
檜原村,7,2038,1127,2,0,0,0,0,0,4,1,1,0,0,13,0
奥多摩町,7,4746,2559,3,0,1,2,0,0,24,0,2,4,0,142,5
大島町,7,7150,4402,12,0,1,1,0,4,23,7,8,4,25,41,0
利島村,7,317,187,3,0,0,1,0,0,1,0,0,5,4,0,0
新島村,7,2495,1328,6,0,0,1,0,0,5,1,1,3,9,0,0
神津島村,7,1813,924,3,0,0,1,0,0,6,1,1,1,8,11,0
三宅村,7,2301,1496,3,0,1,0,0,0,5,0,5,1,8,90,0
御蔵島村,7,292,164,3,0,0,1,0,0,1,0,0,0,2,0,0
八丈町,7,7053,4201,8,0,2,0,0,0,8,0,6,1,7,27,0
青ヶ島村,7,168,117,0,0,1,0,0,0,0,0,1,0,5,0,0
小笠原村,7,2581,1514,8,0,1,0,0,0,0,0,2,0,10,1,0
横浜市,7,3753645,1851338,883,22,166,779,146,657,2733,784,531,1298,2915,4410,162
川崎市,7,1524026,778087,252,8,71,140,49,146,795,306,220,559,682,1503,58
相模原市,7,719118,351662,200,9,49,113,7,102,444,162,95,321,389,730,19
横須賀市,7,388197,192089,103,2,16,23,13,37,166,57,37,96,217,496,21
平塚市,7,256005,121402,78,3,14,13,1,13,95,36,32,93,129,593,1
鎌倉市,7,176460,84823,78,3,18,27,9,23,245,41,22,59,292,355,17
藤沢市,7,445177,210372,88,1,19,36,7,26,223,74,55,165,240,737,24
小田原市,7,187880,90317,72,2,20,2,1,5,69,21,12,72,239,300,23
茅ヶ崎市,7,246394,112592,42,1,9,6,1,13,41,22,16,47,69,298,4
逗子市,7,58959,27887,19,0,3,34,1,13,93,13,8,18,28,68,4
三浦市,7,41297,20030,15,0,2,2,0,2,69,7,8,19,24,88,2
秦野市,7,159646,75389,34,1,10,14,5,15,62,15,18,37,166,384,4
厚木市,7,223836,108827,68,8,21,75,6,65,246,117,40,178,341,565,2
大和市,7,244421,119807,52,1,13,107,2,110,289,116,35,120,259,447,13
伊勢原市,7,99910,47333,34,0,4,14,3,9,62,20,19,41,150,261,4
海老名市,7,138969,64010,37,1,7,29,16,29,130,55,25,60,386,267,8
座間市,7,131527,63907,25,0,8,17,1,14,79,27,17,40,119,182,3
南足柄市,7,41057,18303,13,0,2,0,0,0,4,0,4,14,2,19,6
綾瀬市,7,84376,38733,23,4,4,11,1,12,60,31,12,41,96,290,0
葉山町,7,32623,14681,7,0,1,1,1,4,12,2,3,9,15,59,0
寒川町,7,49063,22350,10,0,2,5,0,5,48,15,7,20,41,101,3
大磯町,7,32265,14603,8,0,1,1,6,5,16,5,3,18,27,118,2
二宮町,7,27925,12855,7,0,0,0,1,0,5,1,3,11,8,81,1
中井町,7,9068,3815,3,0,0,1,0,0,3,2,1,5,6,47,0
大井町,7,17363,7425,9,0,1,0,1,0,14,7,3,9,2,13,2
松田町,7,10616,4872,8,0,0,1,0,1,11,1,0,5,3,57,2
山北町,7,9577,4212,7,0,0,0,0,0,6,0,0,6,6,10,3
開成町,7,18566,7655,4,0,2,1,0,0,2,0,3,5,6,8,1
箱根町,7,10845,6718,9,0,1,0,0,1,107,2,2,37,17,253,12
真鶴町,7,6880,3435,2,0,0,0,0,0,7,0,0,2,0,2,1
湯河原町,7,23899,12902,4,0,3,0,0,0,10,1,3,3,8,8,1
愛川町,7,39601,18901,22,0,9,4,0,7,42,38,11,22,16,140,2
清川村,7,2812,1260,4,0,1,0,0,0,4,0,0,1,1,51,0
新潟市,7,773914,347609,230,20,37,54,9,48,424,78,103,208,589,226,28
長岡市,7,261287,109933,100,1,4,9,1,6,57,18,21,59,113,160,14
三条市,7,93403,36916,37,2,1,3,9,3,15,6,8,19,22,18,7
柏崎市,7,78901,34744,38,0,5,0,0,0,11,4,1,16,9,18,16
新発田市,7,94098,37281,51,3,4,2,13,9,71,7,10,18,60,46,7
小千谷市,7,33722,12899,14,0,2,3,0,2,11,4,3,10,24,10,3
加茂市,7,25052,10115,15,0,0,18,0,0,32,3,6,6,17,23,1
十日町市,7,49172,19571,23,0,2,0,2,0,16,3,2,17,43,61,10
見附市,7,39045,15225,13,0,0,1,0,1,6,4,8,14,5,66,1
村上市,7,55919,22348,36,0,4,6,0,3,57,4,6,21,12,20,11
燕市,7,77401,30701,21,0,1,2,0,0,22,3,8,11,45,10,8
糸魚川市,7,39772,17161,30,0,2,2,4,1,19,0,7,15,24,84,15
妙高市,7,30345,12375,15,0,0,1,0,0,60,1,3,7,29,12,5
五泉市,7,47274,18967,12,0,2,0,0,0,4,2,8,4,13,0,5
上越市,7,184941,77243,95,0,7,5,0,2,20,12,17,34,72,30,22
阿賀野市,7,40353,14808,18,0,1,0,1,0,8,1,7,5,10,8,3
佐渡市,7,50651,23115,40,1,2,1,0,3,55,7,14,10,78,310,0
魚沼市,7,33722,13142,18,1,2,0,0,1,6,1,4,13,10,4,10
南魚沼市,7,53962,20260,26,1,4,0,0,0,40,4,7,19,26,8,11
胎内市,7,27718,10917,12,0,2,0,0,0,12,3,4,11,7,1,2
聖籠町,7,14129,5007,5,2,0,0,0,0,2,1,0,4,3,3,0
弥彦村,7,7694,2781,2,0,0,0,0,0,0,0,0,1,3,1,2
田上町,7,11023,4241,6,1,0,4,0,5,9,0,2,5,12,9,3
阿賀町,7,9779,4352,8,0,1,0,0,1,5,0,2,9,6,4,7
出雲崎町,7,4119,1681,3,0,0,0,0,0,0,0,0,0,1,0,2
湯沢町,7,7971,4030,5,0,1,0,1,0,29,6,1,6,8,12,5
津南町,7,8865,3453,5,0,2,0,0,0,11,0,2,4,11,4,4
刈羽村,7,4351,1595,3,0,0,0,0,0,0,0,0,1,0,0,2
関川村,7,4996,1848,2,0,0,0,0,0,5,0,0,4,21,0,4
粟島浦村,7,329,169,1,0,0,0,1,0,4,0,0,0,5,6,0
富山市,7,409075,184036,167,3,40,15,8,14,257,55,39,118,189,96,51
高岡市,7,165714,69778,82,0,16,1,1,5,48,9,20,43,55,152,16
魚津市,7,39919,16984,26,0,8,0,0,1,11,0,3,11,60,4,5
氷見市,7,44076,17475,28,0,5,1,1,2,11,1,7,8,14,3,2
滑川市,7,32878,12817,14,0,2,0,0,0,3,0,4,6,19,8,10
黒部市,7,40072,15792,32,0,4,1,3,1,29,3,3,12,58,19,32
砺波市,7,47347,17504,20,0,6,3,0,0,20,10,5,15,30,3,3
小矢部市,7,28602,10599,13,0,8,1,0,0,5,0,5,6,18,2,1
南砺市,7,47778,17537,28,0,7,0,0,0,23,3,4,18,13,15,6
射水市,7,91450,36624,32,3,7,3,0,2,33,7,7,31,80,15,8
舟橋村,7,3271,1174,6,0,0,1,0,1,1,0,0,2,3,2,1
上市町,7,19228,7709,14,0,1,0,0,1,2,0,1,1,4,4,4
立山町,7,24920,9549,18,0,1,0,1,0,11,1,4,5,11,33,22
入善町,7,23136,8871,14,0,3,0,2,4,44,1,3,9,29,4,2
金沢市,7,447181,212185,171,6,62,13,3,11,296,35,61,147,1037,544,13
七尾市,7,49259,21902,36,0,10,3,0,2,36,3,8,29,24,31,7
小松市,7,106405,45045,54,1,15,2,6,5,107,16,15,29,34,18,3
輪島市,7,24021,11693,27,0,1,2,0,3,34,2,1,5,12,26,0
珠洲市,7,12948,5902,14,0,1,1,0,2,23,1,4,3,9,63,0
加賀市,7,63486,28940,34,0,7,0,0,0,30,2,6,9,30,9,3
羽咋市,7,20166,8484,11,0,3,3,0,2,19,4,3,12,16,5,3
かほく市,7,35931,14081,16,0,5,1,1,1,18,1,3,8,21,9,3
白山市,7,112916,45778,54,1,10,6,8,3,78,10,20,44,190,27,12
能美市,7,49708,19731,14,0,2,14,1,7,47,0,7,21,51,163,1
野々市市,7,54130,25219,16,26,8,0,1,2,51,9,12,38,54,2,4
川北町,7,6157,2019,6,0,0,0,1,1,2,0,1,2,41,0,0
津幡町,7,37508,14757,15,0,2,0,0,1,2,2,5,6,21,5,5
内灘町,7,26154,11215,13,0,2,1,0,2,5,1,2,7,36,8,1
志賀町,7,18747,7939,14,0,3,1,0,0,4,0,1,0,4,3,0
宝達志水町,7,12257,4909,10,0,1,0,0,0,3,2,1,2,5,5,3
中能登町,7,17119,6623,19,0,0,0,0,0,5,1,0,3,9,7,4
穴水町,7,7574,3635,7,0,2,1,1,0,24,1,3,3,5,17,2
能登町,7,15636,7293,14,0,2,0,0,0,12,0,2,3,5,64,2
福井市,7,257941,106821,126,5,46,63,6,16,270,39,43,94,264,35,47
敦賀市,7,63662,29173,30,1,7,1,0,0,27,2,1,15,148,9,4
小浜市,7,28317,12154,20,3,2,5,3,3,35,3,6,15,37,25,5
大野市,7,30969,11550,23,0,4,1,0,0,6,0,2,7,9,8,10
勝山市,7,21821,7906,17,0,4,0,0,0,7,0,1,7,5,5,4
鯖江市,7,68863,25438,20,2,13,12,0,6,84,14,14,19,18,112,8
あわら市,7,26900,10282,16,0,2,12,1,7,34,10,7,16,16,15,6
越前市,7,80726,31297,31,1,12,4,1,1,23,3,23,7,54,20,6
坂井市,7,89369,32848,37,2,8,17,0,10,76,18,12,30,37,33,11
永平寺町,7,18037,6559,10,0,1,10,0,0,26,0,3,9,4,38,11
南越前町,7,9825,3362,7,0,0,0,0,0,0,0,2,0,1,0,4
越前町,7,20394,7306,14,0,2,0,0,0,0,0,1,1,8,0,0
高浜町,7,9848,4269,9,0,1,0,0,0,2,0,1,6,6,3,4
おおい町,7,7906,3246,6,0,0,0,0,1,2,0,3,2,6,3,1
若狭町,7,13870,4953,13,0,2,0,0,0,11,0,1,5,15,34,7
甲府市,7,186393,93907,111,2,18,2,1,3,96,50,19,118,75,57,8
富士吉田市,7,47298,20379,16,0,1,4,1,1,54,19,5,17,7,40,5
都留市,7,29168,13365,19,0,3,0,0,1,9,10,4,24,6,17,8
山梨市,7,33511,14812,23,0,4,2,0,0,20,4,8,18,12,9,2
大月市,7,22204,10229,25,1,1,0,0,0,11,2,1,20,4,79,8
韮崎市,7,28356,12784,17,0,6,5,0,0,20,8,6,19,5,31,3
南アルプス市,7,71631,29449,52,0,6,0,0,0,4,7,8,34,41,5,0
北杜市,7,45984,21950,28,1,2,1,1,1,85,16,8,26,11,30,6
甲斐市,7,76598,34556,36,1,4,0,1,4,21,20,10,38,29,14,2
笛吹市,7,67641,30231,29,0,8,0,0,0,32,16,8,44,8,21,2
上野原市,7,22019,10070,24,0,2,2,0,1,9,20,7,16,6,55,2
甲州市,7,29925,13079,32,0,3,0,0,0,21,4,7,19,20,95,3
中央市,7,30802,13842,15,0,3,2,1,2,10,4,3,18,20,2,2
市川三郷町,7,14976,6643,16,0,1,0,0,2,2,0,2,6,6,7,7
早川町,7,929,554,3,0,0,0,0,0,1,0,0,0,0,2,0
身延町,7,10391,5150,18,0,3,0,0,0,3,0,2,8,1,9,8
富士川町,7,14340,6302,13,0,2,0,0,0,4,4,1,6,4,1,0
昭和町,7,21101,9404,5,0,1,0,0,0,17,22,6,21,14,3,1
道志村,7,1557,624,2,0,0,0,0,0,13,0,1,1,4,66,0
西桂町,7,4084,1560,2,0,0,0,0,0,0,1,0,4,0,2,1
忍野村,7,9799,4170,4,0,1,0,0,0,9,4,1,4,1,13,0
山中湖村,7,5751,2505,4,0,1,0,1,0,20,4,1,7,6,58,0
鳴沢村,7,3121,1339,1,0,0,0,0,0,7,0,1,3,1,3,0
富士河口湖町,7,26765,11396,22,0,2,1,1,0,105,14,10,26,8,40,2
小菅村,7,657,335,3,0,0,0,0,0,1,0,0,0,0,2,0
丹波山村,7,535,301,2,0,0,0,0,0,1,0,0,0,0,21,0
長野市,7,368785,164058,115,11,20,49,19,29,431,74,45,169,182,231,22
松本市,7,236447,108398,47,2,9,10,4,2,117,23,22,56,118,128,20
上田市,7,153507,69127,32,0,10,6,11,0,55,12,20,58,36,32,21
岡谷市,7,47691,21019,14,0,1,1,0,0,7,4,5,13,10,53,2
飯田市,7,97322,40218,31,0,6,15,2,3,78,17,16,25,103,25,18
諏訪市,7,48385,22376,3,0,1,2,1,2,26,9,6,19,10,33,1
須坂市,7,49776,20530,17,0,1,0,1,2,41,4,4,9,8,4,4
小諸市,7,41623,19101,10,0,1,7,2,2,22,6,8,17,11,21,6
伊那市,7,66016,28276,16,0,0,0,5,2,32,2,4,8,22,15,5
駒ヶ根市,7,31892,13528,7,0,2,0,0,0,10,3,5,9,26,4,4
中野市,7,43030,17616,13,0,3,12,0,4,77,7,9,20,46,11,7
大町市,7,26085,11975,4,0,1,1,0,0,22,3,3,13,7,12,9
飯山市,7,19705,8005,7,0,1,3,0,1,36,2,6,10,25,5,10
茅野市,7,54637,24589,13,0,1,0,0,1,56,7,9,23,22,83,2
塩尻市,7,66118,28697,14,1,1,5,0,3,35,8,4,19,15,28,8
佐久市,7,98198,43077,20,0,5,10,1,7,47,19,14,41,55,54,11
千曲市,7,59529,24416,20,0,3,21,5,13,76,13,9,28,114,205,5
東御市,7,29557,12390,8,0,1,3,2,1,20,1,5,14,6,15,3
安曇野市,7,96605,41226,23,0,4,0,0,0,19,3,5,19,66,12,11
小海町,7,4329,1953,2,0,1,0,1,0,4,0,1,3,1,5,3
南相木村,7,966,428,1,0,0,0,0,0,0,0,0,0,0,0,0
北相木村,7,680,332,1,0,0,0,0,0,0,0,0,0,0,0,0
佐久穂町,7,10488,4298,11,0,1,1,0,2,9,1,2,2,1,6,4
軽井沢町,7,21510,10729,5,0,0,0,1,1,65,4,3,14,7,88,4
御代田町,7,16221,7493,2,0,0,0,0,0,4,1,2,5,2,8,1
立科町,7,6843,2894,2,0,0,0,0,0,4,0,0,3,5,5,0
青木村,7,4244,1764,2,0,0,1,0,1,1,0,0,2,2,0,0
長和町,7,5738,2626,0,0,1,0,0,1,11,2,0,5,1,10,0
下諏訪町,7,19108,8732,1,0,2,0,0,1,14,3,1,5,13,13,1
富士見町,7,14226,6172,6,0,1,0,0,0,18,0,2,5,4,8,3
原村,7,8063,3491,4,0,0,0,0,0,8,0,1,1,3,1,0
辰野町,7,18611,7699,7,1,1,3,0,5,16,1,2,6,12,0,6
箕輪町,7,24662,10106,5,0,0,0,0,0,3,2,4,5,19,3,3
飯島町,7,9078,3665,3,0,0,4,0,3,25,0,2,5,3,8,5
南箕輪村,7,16010,6672,2,0,0,0,0,0,2,0,2,4,2,4,2
中川村,7,4712,1695,1,0,0,0,0,0,0,0,1,0,3,0,1
宮田村,7,8837,3527,1,0,0,0,0,0,1,0,1,3,8,0,1
松川町,7,12742,4769,4,0,1,0,0,1,8,0,2,4,7,3,2
阿南町,7,4210,1967,2,0,1,0,0,0,3,0,1,0,1,0,0
阿智村,7,6055,2332,6,0,0,0,0,0,16,0,2,2,4,7,0
平谷村,7,386,196,1,0,0,0,0,0,4,0,1,0,1,0,0
根羽村,7,865,414,1,0,0,0,0,0,4,0,1,0,2,0,0
下條村,7,3551,1287,2,0,0,0,0,0,2,1,0,2,6,1,0
売木村,7,495,258,0,0,0,0,0,0,1,0,0,0,1,0,0
天龍村,7,1130,645,1,0,0,0,0,0,1,0,0,0,3,2,5
泰阜村,7,1531,669,0,0,0,0,0,0,3,0,1,0,7,0,4
喬木村,7,6040,2144,1,0,0,0,0,0,1,0,1,1,9,1,0
豊丘村,7,6603,2227,3,0,0,0,0,1,1,0,0,3,4,1,0
大鹿村,7,926,472,2,0,0,1,0,0,7,0,1,2,12,7,0
上松町,7,4071,2000,0,0,4,0,0,0,15,0,0,2,4,6,4
南木曽町,7,3876,1701,1,0,0,0,0,0,4,0,0,1,4,10,3
木祖村,7,2637,1093,2,0,0,0,0,0,5,0,1,0,5,2,1
王滝村,7,682,363,0,0,0,0,0,0,2,0,0,0,1,3,0
大桑村,7,3396,1500,1,0,0,0,0,0,0,0,1,2,2,4,3
木曽町,7,10219,4804,10,0,2,0,0,0,26,0,2,9,13,19,3
麻績村,7,2536,1082,0,0,0,0,0,0,1,0,0,0,0,2,1
生坂村,7,1698,721,0,0,0,0,0,0,0,0,0,0,0,0,0
山形村,7,8538,3145,2,0,0,1,0,1,20,0,2,4,3,0,0
朝日村,7,4359,1544,1,0,0,0,0,0,0,0,0,0,0,0,0
筑北村,7,4175,1795,3,0,0,0,0,0,0,0,0,1,6,2,3
松川村,7,9605,3983,1,0,0,1,0,1,7,0,0,4,6,3,3
白馬村,7,8782,4350,2,0,0,0,0,2,37,0,3,7,1,26,5
小谷村,7,2725,1248,0,0,0,0,0,0,5,2,0,2,0,14,5
坂城町,7,14254,6196,6,0,0,6,0,5,24,0,2,11,24,17,2
小布施町,7,10992,4031,2,0,0,0,0,0,21,1,0,2,2,3,2
山ノ内町,7,11499,4984,2,0,0,0,0,0,34,0,1,4,1,31,3
木島平村,7,4438,1790,1,0,0,0,0,0,1,0,0,0,3,0,0
野沢温泉村,7,3441,1420,2,0,0,1,0,0,28,5,2,3,0,2,0
信濃町,7,7828,3351,0,0,0,0,0,0,6,0,0,2,0,2,2
小川村,7,2314,1035,2,0,0,0,0,0,7,0,4,1,0,0,0
飯綱町,7,10534,4230,7,0,2,0,0,0,4,0,1,3,2,1,1
栄村,7,1642,796,2,0,0,0,0,0,0,0,0,0,1,2,4
岐阜市,7,402400,185060,123,2,42,41,17,35,249,36,37,89,320,595,13
大垣市,7,159280,68904,48,3,13,7,5,7,34,16,12,27,95,129,11
高山市,7,84338,35965,46,2,6,3,0,0,108,11,9,27,96,8,6
多治見市,7,107278,48383,29,0,4,18,3,13,90,20,15,29,253,30,5
関市,7,85537,35938,43,2,3,7,1,4,31,7,10,27,47,12,7
中津川市,7,75401,31504,39,0,3,4,0,1,27,2,8,10,20,97,7
美濃市,7,19494,8167,10,1,2,1,0,2,12,1,4,11,38,1,5
瑞浪市,7,36105,15527,17,1,3,2,15,5,20,7,6,14,39,49,2
羽島市,7,67076,27628,21,0,13,0,0,1,14,14,6,13,33,7,8
恵那市,7,47564,19860,29,0,2,3,1,0,23,4,6,10,37,102,10
美濃加茂市,7,57220,23668,19,1,4,0,0,0,11,2,4,9,15,3,5
土岐市,7,55842,24741,23,2,3,1,0,0,1,5,8,12,72,3,1
各務原市,7,145570,61882,32,1,6,0,0,1,11,10,6,19,73,14,17
可児市,7,100612,43852,27,1,18,1,1,1,10,4,13,31,97,5,7
山県市,7,25545,10854,16,0,1,0,0,0,6,0,2,3,8,2,0
瑞穂市,7,55985,22857,12,0,1,1,0,1,3,6,5,10,31,7,4
飛騨市,7,22527,8687,0,0,0,0,0,0,0,0,0,0,0,0,0
本巣市,7,33092,12796,17,1,0,8,4,5,18,0,2,9,40,13,12
郡上市,7,39115,15489,36,0,7,1,0,1,23,1,4,11,33,25,23
下呂市,7,30118,12058,23,0,2,1,2,1,11,2,3,8,13,3,8
海津市,7,32582,12422,18,0,2,1,0,4,42,0,7,9,63,9,5
岐南町,7,26243,11459,5,0,0,0,0,0,5,2,1,6,2,2,1
笠松町,7,21828,9257,5,0,4,0,0,0,1,0,2,6,4,2,2
養老町,7,26858,10347,10,0,1,0,0,0,3,0,1,5,5,5,3
垂井町,7,26255,10589,9,1,2,1,0,1,4,3,3,6,9,8,1
関ケ原町,7,6466,2675,5,0,1,0,0,0,4,0,3,4,14,7,1
神戸町,7,18577,7184,5,0,0,3,2,4,8,2,2,4,9,10,3
輪之内町,7,9326,3417,5,0,0,0,0,0,2,0,2,3,4,0,0
安八町,7,14512,5565,5,0,0,3,2,2,11,0,1,6,16,0,0
揖斐川町,7,19536,7943,17,0,2,7,0,1,6,0,3,7,4,10,3
大野町,7,22056,8278,10,0,0,0,0,0,7,2,1,4,7,2,0
北方町,7,18695,7960,5,0,0,1,1,1,7,2,3,3,20,0,0
坂祝町,7,8084,3350,3,1,0,0,1,0,1,0,1,2,3,0,1
富加町,7,5760,2104,2,1,0,0,0,0,0,0,0,0,1,0,1
川辺町,7,9962,3991,4,0,1,0,0,0,0,0,1,1,1,0,2
七宗町,7,3373,1422,4,0,0,0,0,0,2,0,0,0,0,1,1
八百津町,7,10274,4302,11,0,1,1,0,0,0,2,0,3,8,0,0
白川町,7,7421,3089,8,0,1,1,0,0,3,0,1,4,3,17,2
東白川村,7,2109,825,2,0,1,0,0,0,0,0,1,0,1,0,0
御嵩町,7,17775,7512,9,0,1,0,0,1,0,1,1,2,8,9,3
白川村,7,1513,596,3,0,0,1,0,0,11,2,0,2,2,2,0
静岡市,7,683739,323095,220,6,34,229,22,22,342,99,91,277,400,1512,28
浜松市,7,792704,351529,293,10,49,273,21,163,860,148,120,324,410,1473,54
沼津市,7,189632,93456,62,1,13,16,3,8,114,37,23,91,47,587,4
熱海市,7,34433,20923,16,1,10,3,0,2,82,1,0,20,21,78,5
三島市,7,107204,49920,42,1,8,1,5,4,144,14,15,39,37,282,7
富士宮市,7,129250,58259,51,0,9,9,0,8,41,15,12,44,60,135,6
伊東市,7,66286,35630,25,0,6,3,4,7,119,11,17,35,34,159,7
島田市,7,96496,39143,54,0,5,23,4,9,47,13,16,35,82,243,15
富士市,7,249094,109727,56,0,10,35,5,8,84,22,30,102,53,316,18
磐田市,7,167520,70303,54,0,6,19,0,19,21,1,13,29,73,12,7
焼津市,7,137199,59491,34,1,5,11,3,6,34,8,17,54,80,258,2
掛川市,7,115873,46944,69,0,5,79,0,39,220,36,26,59,156,201,10
藤枝市,7,142387,61208,50,1,5,18,3,9,54,16,24,45,56,312,1
御殿場市,7,85267,37746,23,0,10,3,0,1,52,11,11,49,70,183,3
袋井市,7,88562,36463,23,1,2,47,2,17,20,5,13,29,69,4,2
下田市,7,20099,10501,14,0,4,3,1,1,14,2,5,10,14,172,3
裾野市,7,49779,21680,22,0,3,19,0,7,78,7,11,31,31,109,3
湖西市,7,58400,24847,17,0,1,5,0,4,51,5,5,23,33,40,6
伊豆市,7,28872,13470,41,0,5,2,1,1,59,1,4,21,11,291,2
御前崎市,7,30706,12095,10,0,2,8,0,11,14,3,7,13,35,71,0
菊川市,7,47738,18708,21,1,1,14,8,18,56,4,7,23,54,135,1
伊豆の国市,7,47261,21521,20,0,5,1,0,3,43,12,7,24,12,91,5
牧之原市,7,43497,17170,17,0,1,2,0,2,7,4,7,27,21,93,0
東伊豆町,7,11414,6241,6,0,3,0,1,2,19,0,1,8,8,34,5
河津町,7,6728,3303,4,0,1,0,0,2,30,0,2,7,2,58,2
南伊豆町,7,7726,3884,8,0,2,0,0,0,2,0,1,3,3,102,0
松崎町,7,5971,2887,10,0,0,0,0,0,3,0,2,6,0,85,0
西伊豆町,7,7098,3654,5,0,0,1,0,0,10,0,1,4,4,67,0
函南町,7,37042,16781,12,0,5,2,1,0,38,7,5,17,13,57,4
長泉町,7,43553,18715,8,0,2,4,0,1,9,4,4,20,6,47,2
小山町,7,17611,7574,10,0,3,1,0,0,18,8,1,14,13,68,2
吉田町,7,29286,12030,7,0,1,9,0,5,7,3,7,15,16,31,0
川根本町,7,6078,2750,7,0,0,2,0,0,8,0,1,1,10,20,19
名古屋市,7,2294854,1156802,541,46,167,330,33,277,1675,440,230,984,1607,4065,166
豊橋市,7,370761,163746,121,6,46,18,12,14,161,39,39,120,264,101,17
岡崎市,7,384422,167955,165,4,28,34,112,88,177,54,42,139,294,144,16
一宮市,7,380201,165917,346,2,26,18,7,16,119,36,39,77,200,17,19
瀬戸市,7,128122,57712,36,0,11,1,1,1,23,10,11,22,144,21,8
半田市,7,117747,52661,34,0,6,44,13,39,152,21,17,54,120,87,9
春日井市,7,308937,140501,70,0,15,48,3,43,171,37,35,87,289,40,12
豊川市,7,186524,80499,163,1,37,31,7,39,178,55,27,92,145,62,19
津島市,7,60623,27115,14,0,4,7,1,3,28,11,7,23,24,8,2
碧南市,7,72645,29924,14,0,4,1,0,2,3,3,4,2,60,1,4
刈谷市,7,152372,68104,44,0,6,47,3,28,165,21,10,70,182,42,10
豊田市,7,417432,183945,132,48,28,15,2,9,117,41,41,159,258,103,27
安城市,7,188843,77924,41,0,8,8,8,10,121,17,17,53,166,16,10
西尾市,7,170332,67116,50,0,14,5,3,7,33,12,17,30,313,30,13
蒲郡市,7,78666,33333,33,1,4,1,1,1,18,5,4,23,99,16,8
犬山市,7,72733,31758,20,0,13,2,0,4,28,6,6,22,73,12,9
常滑市,7,58452,25296,21,0,2,3,0,0,20,4,12,18,44,18,8
江南市,7,99039,42346,32,2,7,9,6,2,35,8,7,29,29,6,2
小牧市,7,150434,69348,33,1,3,2,1,1,34,12,21,71,127,30,5
稲沢市,7,134281,56087,42,1,4,1,4,1,24,15,10,37,86,4,10
新城市,7,43812,17709,51,1,20,3,0,9,50,5,8,26,28,47,15
東海市,7,113625,51481,23,0,2,1,0,2,11,5,6,12,75,7,8
大府市,7,92828,40119,20,1,3,2,1,1,28,3,3,22,73,42,2
知多市,7,84002,36656,32,0,2,2,1,0,2,1,4,6,82,13,7
知立市,7,72030,32937,13,0,4,2,1,2,35,2,7,16,60,7,4
尾張旭市,7,83986,36843,15,0,3,3,1,3,10,3,11,26,76,41,4
高浜市,7,49154,21069,9,0,1,1,1,0,0,1,1,4,31,2,3
岩倉市,7,47821,22466,16,0,18,17,0,3,21,5,8,21,36,11,3
豊明市,7,68325,30685,27,1,5,30,2,15,32,12,8,26,60,10,2
日進市,7,93774,39221,16,1,10,27,2,13,48,13,11,29,76,27,3
田原市,7,59596,22831,33,1,1,2,0,1,18,2,3,20,36,13,4
愛西市,7,61618,24072,26,0,1,6,0,2,14,1,6,19,26,7,7
清須市,7,69194,30451,14,0,1,7,0,8,23,14,5,19,74,13,10
北名古屋市,7,86271,38046,21,0,4,6,0,6,11,4,5,9,66,4,2
弥富市,7,43861,18578,13,0,2,5,0,6,17,19,4,15,53,8,5
みよし市,7,61485,25388,17,1,5,8,1,5,26,5,7,26,49,7,2
あま市,7,88787,38303,18,0,2,7,0,3,29,12,3,25,53,4,3
長久手市,7,60985,25406,9,0,10,1,0,1,27,14,6,21,59,20,7
東郷町,7,43784,18104,13,0,1,2,7,0,9,2,3,13,40,13,0
豊山町,7,15929,7077,4,0,0,0,0,1,8,4,2,4,8,8,0
大口町,7,24234,9901,6,1,5,3,0,3,10,3,1,12,28,0,0
扶桑町,7,35026,14780,9,0,0,0,2,1,7,2,1,3,14,2,3
大治町,7,33356,14510,3,1,0,2,0,2,4,4,3,10,8,12,0
蟹江町,7,37144,17087,7,0,3,3,4,4,25,9,4,15,30,6,3
飛島村,7,4657,1747,1,0,0,0,0,0,3,2,0,6,16,2,0
阿久比町,7,28438,10953,6,0,0,0,0,0,0,0,0,8,46,0,4
東浦町,7,50283,21331,17,0,2,1,0,0,2,1,5,3,61,28,4
南知多町,7,16322,7051,14,0,2,2,0,0,19,2,2,4,19,0,1
武豊町,7,43363,18735,7,0,6,0,0,0,18,1,10,18,48,5,4
幸田町,7,42283,16556,13,1,5,0,1,2,7,7,10,15,25,121,3
設楽町,7,4342,2014,34,1,9,0,0,1,25,6,5,8,4,0,0
東栄町,7,2850,1356,14,0,20,0,0,0,20,6,5,7,2,0,1
豊根村,7,987,472,5,0,3,0,0,0,8,0,2,3,6,0,0
津市,7,272645,127902,155,3,40,20,7,33,170,22,40,95,361,47,33
四日市市,7,309719,144504,88,0,21,15,6,14,102,31,32,106,288,38,37
伊勢市,7,121770,56062,66,2,8,23,7,22,220,21,21,54,144,145,13
松阪市,7,159000,74310,66,0,11,3,6,4,85,10,14,45,196,10,12
桑名市,7,139563,60896,78,0,13,6,1,2,48,9,8,41,190,21,16
鈴鹿市,7,196461,88364,66,1,10,23,8,9,124,25,22,86,304,35,18
名張市,7,76190,34854,31,2,6,6,45,25,108,17,16,22,84,164,4
尾鷲市,7,16319,8990,21,0,2,2,8,1,67,5,17,9,9,9,5
亀山市,7,49503,22176,17,0,3,0,0,0,18,2,5,20,44,10,5
鳥羽市,7,17215,8235,19,2,0,3,0,0,26,1,2,17,14,7,10
熊野市,7,15738,8538,34,0,1,1,2,0,39,3,5,7,9,16,8
いなべ市,7,44797,18922,20,0,4,2,0,0,5,1,2,12,14,6,13
志摩市,7,46159,22547,39,1,5,9,2,6,45,7,5,16,15,10,9
伊賀市,7,87168,40451,71,0,15,11,3,7,58,13,10,41,83,26,22
木曽岬町,7,5994,2520,2,0,0,0,0,0,1,0,0,0,0,0,0
東員町,7,25934,10168,7,0,2,1,0,1,4,3,2,4,51,4,2
菰野町,7,41283,17075,9,0,2,0,0,1,22,6,4,11,9,4,4
川越町,7,15535,7119,5,0,0,0,0,0,1,1,1,3,19,2,1
多気町,7,14000,5771,10,0,0,0,0,0,2,0,2,3,8,1,4
大台町,7,8595,4070,10,0,2,0,0,0,0,1,1,2,3,0,6
玉城町,7,15162,5864,8,0,1,0,0,0,5,2,2,8,21,0,1
度会町,7,7806,3109,7,0,0,0,0,0,1,0,1,2,9,0,0
大紀町,7,7633,3848,8,0,0,0,0,0,1,0,0,1,2,2,4
南伊勢町,7,11221,5641,11,0,2,0,0,0,2,1,2,9,2,2,0
紀北町,7,14479,7787,17,0,2,2,2,1,23,1,10,3,2,14,4
御浜町,7,8086,4102,9,0,1,0,0,0,0,0,1,0,0,3,3
紀宝町,7,10436,5203,11,0,0,0,2,3,12,1,1,4,17,1,2
大津市,7,344552,155913,86,5,19,25,80,54,321,35,50,89,194,403,25
彦根市,7,111648,50067,44,2,7,3,40,22,217,15,22,35,74,16,11
長浜市,7,115009,47320,58,2,5,12,7,12,105,11,22,44,46,18,9
近江八幡市,7,82025,35163,35,0,11,3,3,5,51,8,12,24,77,30,5
草津市,7,138336,62624,32,2,12,17,14,17,185,26,23,48,121,123,2
守山市,7,85619,34469,19,0,4,0,29,14,106,13,22,26,35,5,1
栗東市,7,70578,29467,14,0,5,0,4,4,28,7,5,15,27,8,2
甲賀市,7,89038,37296,39,1,8,7,2,3,43,21,9,31,97,152,6
野洲市,7,50711,21126,11,0,4,0,0,0,7,2,8,11,81,8,1
湖南市,7,54601,24720,18,1,3,2,0,1,8,1,6,11,46,13,2
高島市,7,46394,20772,30,0,4,5,9,11,44,5,6,15,23,58,6
東近江市,7,112586,46474,48,2,9,12,15,12,107,14,16,32,259,24,13
米原市,7,37761,14848,26,0,1,5,1,2,12,1,3,20,11,20,7
竜王町,7,11543,4480,5,0,0,4,0,0,6,3,0,5,9,7,0
愛荘町,7,21332,8491,10,0,0,0,3,3,23,0,2,5,3,0,1
豊郷町,7,7208,2983,4,0,1,0,0,1,8,3,2,2,11,0,1
甲良町,7,6595,2622,4,0,0,0,0,0,3,0,0,0,24,1,1
多賀町,7,7466,2913,3,0,0,0,0,0,5,1,0,4,3,1,1
京都市,7,1385190,730333,430,29,146,220,68,139,1899,414,256,643,642,2635,122
福知山市,7,76075,36725,53,0,6,13,14,4,112,14,26,38,56,222,12
舞鶴市,7,78194,39899,43,0,8,17,10,14,82,14,21,44,41,80,6
綾部市,7,31959,15669,19,0,4,3,9,8,54,2,9,10,33,49,5
宇治市,7,182144,85224,50,1,13,30,6,19,100,31,34,47,94,168,14
宮津市,7,16721,8324,15,0,1,1,2,0,31,3,6,7,35,81,8
亀岡市,7,87090,40003,29,0,5,4,1,4,47,23,14,25,11,387,4
城陽市,7,74591,35188,20,0,4,20,3,13,39,5,12,24,234,118,6
向日市,7,56794,25575,35,0,3,88,2,21,69,36,9,19,26,73,3
長岡京市,7,81946,37318,21,1,7,30,1,22,53,18,9,19,39,176,3
八幡市,7,69469,33707,19,0,4,16,3,11,44,22,8,19,37,226,7
京田辺市,7,71367,31124,24,0,2,20,2,11,44,7,10,20,138,184,9
京丹後市,7,51981,22937,39,0,5,1,3,7,65,7,24,18,55,234,7
南丹市,7,30499,14359,31,1,6,3,0,2,17,2,4,12,8,75,7
木津川市,7,80109,33016,22,0,2,10,8,4,30,8,10,18,93,185,6
大山崎町,7,16524,7214,4,0,1,4,1,4,9,3,1,8,14,35,2
久御山町,7,15505,7297,8,0,3,3,0,1,20,16,4,12,22,43,0
井手町,7,7009,3409,5,0,0,0,0,0,3,0,1,2,14,0,2
宇治田原町,7,8893,3821,4,0,0,1,0,2,6,0,2,3,23,39,0
笠置町,7,1159,595,2,0,0,0,0,0,0,1,1,1,1,1,1
和束町,7,3600,1690,3,0,1,0,0,0,6,0,2,1,1,21,0
精華町,7,36790,15413,10,0,5,1,2,3,12,3,6,4,38,91,5
南山城村,7,2505,1206,2,0,0,0,1,0,2,0,0,1,0,4,2
京丹波町,7,13005,6160,12,0,3,0,0,0,7,0,2,7,8,51,4
伊根町,7,1951,890,5,0,0,0,1,0,16,0,0,0,2,33,0
与謝野町,7,20199,8928,15,0,1,3,0,3,9,0,11,6,26,139,1
大阪市,7,2741587,1563594,753,91,236,701,326,557,5204,1131,434,1556,1174,1915,240
堺市,7,821428,399860,201,5,49,50,193,156,865,153,117,271,1057,831,28
岸和田市,7,189396,89301,63,0,21,18,47,27,282,38,32,66,56,214,7
豊中市,7,407695,196465,81,5,18,52,7,27,120,47,47,96,182,180,12
池田市,7,103074,49506,23,0,5,2,17,7,71,18,9,27,34,59,2
吹田市,7,381316,181823,101,2,9,165,13,94,284,69,54,114,135,351,15
泉大津市,7,73282,35123,19,0,5,8,24,9,130,29,17,29,67,18,3
高槻市,7,348530,163964,102,1,29,74,50,53,378,53,59,91,103,222,5
貝塚市,7,83156,38151,17,0,12,5,25,14,79,12,16,31,99,28,14
守口市,7,142014,74170,57,1,10,21,3,14,144,30,16,58,56,57,8
枚方市,7,396252,184691,119,1,39,27,94,64,401,67,65,118,285,352,12
茨木市,7,284921,131554,73,1,15,22,52,39,310,44,46,106,88,117,11
八尾市,7,261998,127240,54,1,16,10,51,36,227,37,42,85,143,134,12
泉佐野市,7,98545,48262,28,0,19,1,26,20,216,28,28,42,70,73,9
富田林市,7,108105,52074,39,1,7,12,5,13,72,12,10,26,91,17,6
寝屋川市,7,227544,112186,66,3,27,16,52,39,303,37,52,79,140,44,5
河内長野市,7,100484,47519,43,4,8,23,15,20,70,13,17,26,142,139,8
松原市,7,116966,57891,52,0,8,1,42,22,156,34,25,45,84,47,4
大東市,7,117294,57689,34,2,6,3,31,17,131,15,24,43,110,70,3
和泉市,7,183761,81489,42,0,22,10,28,28,148,21,30,47,151,191,4
箕面市,7,139128,62998,52,1,9,58,8,33,138,32,22,44,82,161,5
柏原市,7,67226,32237,29,1,4,3,8,12,42,5,15,16,18,3,10
羽曳野市,7,108961,51388,32,1,13,4,7,6,37,9,11,23,37,10,5
門真市,7,117937,63269,28,0,7,20,24,20,198,32,20,53,36,81,5
摂津市,7,86457,42472,23,0,5,5,2,3,28,12,13,38,65,80,5
高石市,7,56992,26293,18,0,6,15,1,1,21,5,7,12,20,12,6
藤井寺市,7,63336,29956,19,1,2,1,30,13,104,10,12,20,14,19,3
東大阪市,7,480137,245861,130,3,41,104,68,88,544,113,86,216,197,189,26
泉南市,7,59635,26510,18,0,8,1,5,4,61,13,7,20,28,17,4
四條畷市,7,54765,24914,19,0,4,0,20,9,56,7,12,23,11,23,1
交野市,7,77363,33751,23,0,3,1,14,11,40,10,16,25,183,15,6
大阪狭山市,7,58292,26306,11,0,7,2,11,10,72,12,6,15,87,5,3
阪南市,7,51579,24158,15,0,5,1,12,14,58,7,11,14,14,12,5
島本町,7,31646,13912,8,0,1,0,1,2,8,4,4,8,22,18,2
豊能町,7,18526,8701,7,0,0,2,0,0,4,0,3,3,6,12,5
能勢町,7,9267,4544,10,0,1,1,0,0,1,0,2,4,1,1,0
忠岡町,7,16675,7942,3,0,1,0,1,3,7,0,0,2,4,2,1
熊取町,7,43013,18615,10,0,2,0,10,5,32,2,7,10,40,56,1
田尻町,7,8498,4096,3,0,1,0,3,1,17,1,4,8,7,25,1
岬町,7,14793,7456,7,0,1,0,0,1,10,0,1,6,5,5,6
河南町,7,14995,6685,6,0,0,0,0,0,1,0,1,2,3,14,0
千早赤阪村,7,4893,2270,5,0,0,2,0,0,7,0,0,0,3,25,0
神戸市,7,1510917,772275,422,34,117,196,206,208,1648,247,226,482,1142,2005,137
姫路市,7,528459,245657,154,16,53,28,22,40,268,90,74,149,391,906,32
尼崎市,7,458895,240071,90,4,30,111,27,58,551,144,84,176,112,600,12
明石市,7,305404,142145,94,1,26,8,53,37,384,51,46,79,173,252,18
西宮市,7,482796,227117,102,3,23,200,76,135,659,103,90,152,289,581,23
洲本市,7,41826,20257,32,0,3,1,1,0,14,7,11,16,69,20,0
芦屋市,7,95378,45500,27,0,5,19,31,16,146,15,22,22,80,176,4
伊丹市,7,202539,93330,37,2,15,23,25,19,142,23,30,61,100,254,6
相生市,7,27974,13081,14,0,5,0,0,0,6,2,4,4,20,149,3
豊岡市,7,77758,33671,48,1,4,20,25,22,269,14,31,32,65,512,7
加古川市,7,259884,117763,53,1,22,24,59,57,425,45,45,113,204,342,8
赤穂市,7,45440,20553,15,0,4,4,1,1,9,5,4,9,22,161,7
西脇市,7,38716,17218,16,0,2,0,17,12,78,4,10,10,3,26,7
宝塚市,7,230788,106572,58,0,8,38,29,29,182,28,31,49,82,248,14
三木市,7,74872,34456,43,0,9,4,15,14,79,7,16,25,71,108,7
高砂市,7,88166,40211,25,0,2,2,25,4,129,5,27,29,78,163,6
川西市,7,155098,71361,33,1,24,2,0,2,36,7,23,22,80,218,16
小野市,7,47451,20517,15,0,5,1,16,7,40,6,9,9,10,42,9
三田市,7,108387,47014,44,1,11,4,2,5,75,12,24,32,144,116,11
加西市,7,42265,18319,17,1,3,1,24,3,18,12,10,13,5,64,7
丹波篠山市,7,39923,17722,31,0,3,1,0,3,29,3,8,14,18,47,5
養父市,7,21969,9219,19,0,3,3,0,0,5,1,6,6,29,323,2
丹波市,7,61717,26240,37,0,3,1,0,3,10,0,3,14,21,35,8
南あわじ市,7,45193,19881,31,0,5,1,1,0,15,3,3,23,22,9,0
朝来市,7,28676,12294,25,0,2,4,1,1,14,1,6,5,31,180,6
淡路市,7,42437,20337,29,1,4,1,1,6,52,3,11,26,15,79,0
宍粟市,7,35309,14716,34,0,2,3,0,2,8,0,7,6,10,78,0
加東市,7,39719,17347,16,0,3,0,0,0,11,3,4,5,5,55,3
たつの市,7,74081,31267,28,0,11,0,0,0,19,6,12,21,36,122,6
猪名川町,7,29570,12571,10,1,5,1,0,1,11,1,3,9,15,54,1
多可町,7,19463,7710,11,0,2,0,0,0,4,0,3,3,5,0,0
稲美町,7,30658,12975,10,0,2,0,0,2,33,1,3,2,53,10,0
播磨町,7,34811,15512,8,0,1,0,1,2,22,5,3,5,26,16,2
市川町,7,11119,4882,9,0,0,0,2,1,2,1,2,2,2,4,2
福崎町,7,18746,7897,12,0,2,2,2,0,16,2,8,7,4,3,1
神河町,7,10661,4209,12,0,1,0,0,0,2,0,10,2,6,7,3
上郡町,7,14090,6428,11,0,0,1,3,4,12,0,7,6,14,62,3
佐用町,7,15499,6850,15,0,4,0,0,0,9,0,3,6,5,18,5
香美町,7,16024,6384,21,0,2,2,1,1,26,0,6,4,8,120,5
新温泉町,7,13416,5610,19,0,2,3,1,3,22,0,9,6,22,159,4
奈良市,7,351418,166772,158,6,45,99,24,48,428,64,63,107,158,439,15
大和高田市,7,62845,30892,18,0,4,7,10,9,47,9,12,13,22,8,8
大和郡山市,7,83891,38966,23,1,7,10,10,15,33,9,16,18,92,92,7
天理市,7,62081,29347,24,1,7,3,1,2,24,6,6,24,112,30,7
橿原市,7,119985,55273,32,1,9,21,22,20,130,8,20,42,85,30,14
桜井市,7,55508,25432,30,0,5,1,6,5,38,14,8,22,16,45,7
五條市,7,28039,13313,20,0,1,0,17,8,53,1,10,9,5,12,3
御所市,7,24070,12018,17,0,2,3,11,8,22,1,5,11,11,8,7
生駒市,7,117946,51416,34,0,19,20,2,13,76,21,22,24,57,46,14
香芝市,7,78782,32563,21,1,10,6,5,7,57,13,15,19,69,8,8
葛城市,7,37805,15501,9,0,1,3,5,3,34,8,5,9,19,5,7
宇陀市,7,27941,12830,21,0,2,2,3,6,36,3,5,11,22,39,3
山添村,7,3228,1335,4,0,0,0,0,0,0,0,0,0,3,0,0
平群町,7,18434,8177,6,0,0,2,0,0,0,0,6,3,4,1,3
三郷町,7,22540,10648,4,0,3,0,1,2,1,0,0,3,13,1,3
斑鳩町,7,28160,12139,11,0,1,4,1,3,8,2,2,4,7,20,1
安堵町,7,7100,3545,2,0,0,0,0,0,0,0,0,0,5,0,0
三宅町,7,6601,3073,3,0,0,0,0,0,0,0,0,2,10,0,2
田原本町,7,31695,13383,15,0,2,0,0,1,6,2,4,7,37,0,4
曽爾村,7,1321,652,3,0,0,0,0,0,2,0,0,0,4,18,0
御杖村,7,1458,797,2,0,0,0,0,0,0,0,0,0,2,0,0
高取町,7,6306,2829,3,0,1,1,0,1,1,0,0,3,5,11,2
明日香村,7,5288,2217,3,0,0,0,0,0,2,0,0,4,7,7,1
上牧町,7,21612,10067,7,0,3,0,1,1,3,1,4,6,26,2,0
王寺町,7,24026,10686,4,1,1,1,5,2,22,10,5,5,18,6,4
広陵町,7,35284,13791,10,1,0,2,0,1,4,4,1,9,27,0,1
河合町,7,17065,7960,8,0,0,0,0,0,7,3,1,4,26,0,3
吉野町,7,6251,3086,4,0,1,0,0,0,25,1,1,2,2,15,4
大淀町,7,16438,7394,7,0,3,0,0,0,0,0,2,7,7,3,6
下市町,7,4746,2332,5,0,1,0,0,0,2,0,1,0,1,35,0
黒滝村,7,627,338,2,0,0,0,0,0,2,1,0,0,0,5,0
天川村,7,1265,650,3,0,0,0,0,0,12,1,2,0,0,4,0
野迫川村,7,336,205,1,0,0,1,0,0,1,0,0,0,1,0,0
十津川村,7,2960,1688,13,0,0,3,0,0,6,0,1,0,1,5,0
下北山村,7,815,523,2,0,1,0,0,0,0,0,0,0,6,0,0
上北山村,7,454,291,2,0,0,1,0,0,0,0,0,0,0,0,0
東吉野村,7,1585,899,2,0,0,0,0,0,5,0,0,0,1,0,0
和歌山市,7,359654,176508,127,2,52,30,27,23,372,54,81,157,149,87,34
海南市,7,47910,22049,31,0,5,4,0,0,22,6,9,24,9,7,7
橋本市,7,60295,27481,42,0,8,58,3,5,80,1,19,26,22,24,11
有田市,7,26214,11721,17,0,4,0,7,2,32,2,13,21,17,4,3
御坊市,7,22049,10851,14,0,5,0,9,2,49,5,10,18,2,7,7
田辺市,7,69716,34958,62,0,8,3,17,8,146,12,28,33,44,31,4
新宮市,7,26924,14540,20,0,3,0,11,1,118,7,27,12,17,6,3
紀の川市,7,59981,26846,32,0,3,2,0,0,18,3,12,36,20,6,9
岩出市,7,54215,24287,16,0,4,2,2,0,34,6,9,19,151,6,2
紀美野町,7,8098,4078,15,0,1,0,0,0,3,0,0,3,2,2,0
かつらぎ町,7,15915,7171,21,0,1,0,1,0,7,0,7,5,8,2,5
九度山町,7,3840,1731,6,0,1,0,0,1,4,1,0,1,1,1,4
高野町,7,2732,1554,8,0,1,0,0,0,14,0,0,2,5,4,5
湯浅町,7,11172,5326,7,0,2,0,5,3,31,2,4,3,6,7,1
有田川町,7,25641,10684,27,0,3,0,0,0,9,0,6,17,22,2,1
由良町,7,5282,2652,9,0,0,0,0,0,1,0,0,2,2,1,1
印南町,7,7915,3371,11,0,0,0,0,0,4,0,2,3,0,0,3
みなべ町,7,11988,4780,10,0,0,0,3,0,16,0,6,7,1,0,2
日高川町,7,9360,4228,16,0,0,0,0,0,0,0,0,1,1,0,1
白浜町,7,20463,11099,19,0,1,2,0,0,12,0,6,9,7,80,4
上富田町,7,15709,7441,10,0,1,0,1,0,12,0,9,4,3,0,1
すさみ町,7,3659,2031,9,0,1,0,0,0,8,0,2,1,3,0,3
那智勝浦町,7,14036,7513,11,0,1,0,1,0,67,0,13,9,3,16,7
太地町,7,2891,1558,2,0,0,0,0,0,2,0,0,0,1,2,1
古座川町,7,2446,1381,5,0,5,0,1,0,5,2,1,0,3,0,0
北山村,7,404,254,2,0,0,0,0,0,0,0,0,0,0,0,0
串本町,7,14715,8192,24,0,4,5,0,1,41,0,13,5,13,11,8
鳥取市,7,183269,81756,101,0,23,14,29,28,267,30,40,75,81,411,13
米子市,7,146139,68534,57,2,20,11,20,6,78,23,29,67,26,70,12
倉吉市,7,44969,20609,30,1,10,10,5,1,28,5,11,11,21,2,1
境港市,7,32985,15413,12,0,5,4,0,1,18,9,6,10,26,32,7
岩美町,7,11000,4444,5,0,2,0,0,0,5,0,1,3,5,42,3
若桜町,7,2841,1277,6,0,0,0,0,0,2,0,1,0,4,10,1
智頭町,7,6420,2698,5,0,1,2,0,2,8,0,7,3,5,26,5
八頭町,7,16113,6125,11,0,0,1,2,2,12,0,5,5,12,49,10
三朝町,7,6057,2521,7,0,2,0,0,0,0,0,2,1,1,0,0
湯梨浜町,7,16515,6452,11,0,0,0,1,0,7,1,1,4,10,4,2
琴浦町,7,16435,6454,9,0,1,0,0,1,4,0,1,8,19,5,3
北栄町,7,14508,5471,5,0,0,0,0,0,2,0,0,3,6,4,2
日吉津村,7,3599,1277,1,0,1,1,0,0,3,2,2,1,3,0,0
大山町,7,15320,5630,11,0,1,0,0,0,3,0,1,1,5,9,5
伯耆町,7,10420,3871,7,0,4,0,0,0,3,1,5,4,14,2,2
日南町,7,4144,1903,9,0,1,0,0,1,3,0,2,1,9,4,2
江府町,7,2617,1004,4,0,0,0,0,0,0,0,1,1,6,4,2
松江市,7,197843,91570,83,2,15,62,8,33,217,42,44,71,439,1169,16
浜田市,7,50681,25567,45,0,5,0,0,1,11,2,8,12,86,9,8
出雲市,7,173835,69078,75,1,10,3,1,1,45,4,12,38,115,44,26
益田市,7,44355,21212,43,0,3,1,0,0,4,1,2,7,15,0,7
大田市,7,32773,15527,33,0,2,0,0,0,4,1,1,6,4,0,10
安来市,7,36391,14268,35,0,5,1,0,1,9,2,5,12,61,99,3
江津市,7,22134,11174,18,0,3,0,0,0,5,0,3,7,24,1,13
雲南市,7,35738,13589,33,0,3,0,0,0,4,0,7,4,30,70,7
奥出雲町,7,11630,4719,22,1,1,1,0,0,10,2,1,6,15,17,7
飯南町,7,4560,2013,7,0,1,0,0,0,2,0,1,1,2,16,0
川本町,7,3078,1621,4,0,1,0,0,1,1,0,0,1,0,2,2
邑南町,7,9961,4725,14,0,2,0,0,0,5,0,4,2,3,7,4
津和野町,7,6784,3383,11,0,2,1,0,0,9,1,1,2,22,5,5
吉賀町,7,5814,3047,15,0,0,0,0,0,3,0,1,2,7,1,0
海士町,7,2238,1247,4,0,0,1,0,1,10,0,1,9,7,0,0
西ノ島町,7,2606,1486,4,0,1,0,0,0,0,0,1,0,2,0,0
知夫村,7,615,368,2,0,0,0,0,0,2,0,0,0,0,0,0
隠岐の島町,7,13551,7047,18,0,2,2,0,4,17,0,2,0,6,2,0
岡山市,7,702020,337895,199,14,75,165,50,158,642,103,127,245,194,492,34
倉敷市,7,477799,217984,126,9,47,69,51,83,457,58,93,148,485,209,23
津山市,7,97645,45710,53,2,21,12,6,9,119,20,18,23,35,29,14
玉野市,7,55721,27043,30,1,9,18,1,12,22,5,5,9,44,18,4
笠岡市,7,45534,21991,45,0,7,11,3,0,51,4,15,12,25,4,1
井原市,7,38064,16657,31,0,5,0,3,1,23,2,10,9,13,7,4
総社市,7,69678,29275,22,0,5,1,6,10,76,3,19,15,30,16,7
高梁市,7,27650,13718,41,1,8,8,0,0,16,1,0,9,13,12,5
新見市,7,27244,12679,37,1,4,0,2,1,4,0,2,7,7,34,14
備前市,7,32068,15468,24,0,5,3,1,4,23,2,6,11,10,108,9
瀬戸内市,7,36525,15922,15,0,4,0,0,1,6,0,4,14,7,10,3
赤磐市,7,43392,18794,19,0,3,0,0,0,10,1,9,12,7,9,1
真庭市,7,42586,17640,46,0,10,3,0,3,18,2,9,18,30,4,7
美作市,7,26035,12316,24,0,6,1,0,4,23,0,9,8,12,7,5
浅口市,7,33382,14425,18,0,5,1,1,1,0,0,4,7,18,7,2
和気町,7,13423,6323,16,0,1,0,0,1,9,0,1,5,4,24,1
早島町,7,12648,5155,3,1,0,6,0,7,8,6,1,4,3,3,2
里庄町,7,11040,4619,1,0,1,0,0,0,0,0,1,4,9,0,1
矢掛町,7,13438,5436,11,0,2,0,0,0,0,0,2,4,4,4,3
新庄村,7,847,381,2,0,0,0,0,0,0,0,0,0,1,0,0
鏡野町,7,12468,5650,10,0,2,0,0,0,3,2,2,0,2,0,0
勝央町,7,10911,4717,6,0,1,0,0,0,0,0,0,0,2,0,2
奈義町,7,5765,2536,2,0,0,1,1,3,11,3,4,2,8,33,0
西粟倉村,7,1368,595,2,0,0,0,0,0,3,0,0,0,2,4,1
久米南町,7,4498,2198,6,0,0,1,0,2,2,1,0,2,2,2,3
美咲町,7,13222,6023,10,0,2,0,0,0,6,0,2,5,5,2,4
吉備中央町,7,10507,5196,18,0,2,0,2,2,3,0,2,6,4,0,0
広島市,7,1184731,578364,320,4,130,51,11,47,347,147,137,379,632,4393,82
呉市,7,209241,106427,115,2,31,19,5,11,131,10,22,54,199,1146,13
竹原市,7,23586,12047,18,0,4,3,0,0,5,1,3,9,8,162,5
三原市,7,89154,43180,55,0,14,5,1,2,9,3,3,16,12,529,5
尾道市,7,130007,64033,81,0,12,33,11,18,121,11,24,39,59,259,3
福山市,7,460684,213860,184,1,58,30,6,14,87,39,41,114,211,140,17
三次市,7,49557,23234,48,0,11,3,1,1,9,0,6,10,9,422,18
庄原市,7,32629,15043,66,0,4,2,0,1,12,0,5,7,17,499,15
大竹市,7,26064,12835,10,0,3,0,2,0,3,1,5,2,36,1,2
東広島市,7,190353,89941,74,1,29,9,4,10,56,24,16,52,69,997,10
廿日市市,7,116219,53014,15,2,12,4,2,3,63,12,15,38,117,547,20
安芸高田市,7,26979,13312,22,0,2,0,0,0,0,0,1,9,8,209,7
江田島市,7,21393,11944,18,0,6,0,0,0,0,0,1,8,3,175,0
府中町,7,52891,23848,8,0,3,5,0,0,0,1,14,13,5,144,1
海田町,7,30639,14007,8,0,2,0,0,2,8,3,3,8,4,158,1
熊野町,7,23485,10649,8,0,0,0,0,1,0,0,1,1,6,80,0
坂町,7,12839,5797,5,1,2,0,0,0,2,0,2,1,9,10,3
安芸太田町,7,5700,3055,25,0,2,0,0,0,3,1,3,4,4,127,0
北広島町,7,17471,8325,24,0,5,0,0,0,1,0,1,0,2,196,0
大崎上島町,7,7022,4177,10,0,0,0,0,0,1,0,1,0,1,0,0
世羅町,7,15167,6772,19,0,1,0,0,0,0,0,0,2,3,68,1
神石高原町,7,8249,3800,16,0,1,0,1,0,0,0,1,1,2,1,0
下関市,7,250645,128933,154,4,36,18,1,8,57,15,27,59,258,164,23
宇部市,7,160353,79968,54,1,18,19,8,8,52,17,25,41,65,47,17
山口市,7,188598,90699,97,4,23,20,0,13,76,14,34,61,52,142,29
萩市,7,43685,22858,51,0,7,1,0,0,6,0,5,5,3,64,9
防府市,7,113927,56408,50,4,11,23,0,8,22,16,20,44,21,27,3
下松市,7,57120,26738,25,0,5,28,0,10,16,13,11,21,31,12,4
岩国市,7,128609,65232,106,1,17,0,0,0,24,7,19,28,71,54,27
光市,7,49461,23542,32,1,8,21,1,12,7,4,9,15,37,76,4
長門市,7,31664,15613,28,0,6,2,0,0,15,0,6,13,26,26,10
柳井市,7,30201,15387,23,0,4,1,0,0,0,3,4,4,6,0,4
美祢市,7,22166,10705,29,0,3,0,0,0,8,1,4,8,5,56,6
周南市,7,138104,68078,115,3,17,56,2,26,23,17,34,65,102,69,11
山陽小野田市,7,60209,28979,26,0,9,3,0,3,10,1,8,11,20,29,12
周防大島町,7,14346,8372,34,0,5,0,0,0,1,0,1,1,6,0,0
和木町,7,5974,2637,4,0,0,0,0,0,0,0,1,1,4,0,1
上関町,7,2390,1403,5,0,0,0,0,0,0,0,0,0,0,0,0
田布施町,7,14550,6964,10,0,0,2,0,2,2,0,1,2,3,0,1
平生町,7,11144,5387,4,0,2,0,0,0,0,0,1,1,0,0,0
阿武町,7,3072,1536,7,0,0,0,0,0,0,0,1,0,2,0,3
徳島市,7,249040,122044,73,8,89,31,9,14,170,31,58,93,72,15,9
鳴門市,7,54746,26216,33,4,8,2,1,2,22,1,9,10,31,27,7
小松島市,7,35894,17219,19,0,10,0,0,0,7,4,12,15,3,4,4
阿南市,7,69954,31339,44,1,10,0,0,0,4,3,5,14,9,0,9
吉野川市,7,38872,17953,25,0,5,4,0,3,25,8,8,16,7,14,7
阿波市,7,35315,15405,19,0,3,4,2,4,10,2,6,14,5,1,0
美馬市,7,27354,12558,33,0,9,1,0,2,13,3,8,11,8,4,2
三好市,7,23530,12033,46,0,5,0,0,0,14,2,5,13,15,40,10
勝浦町,7,4825,2141,4,0,1,0,0,0,1,0,0,2,1,0,0
上勝町,7,1427,744,2,0,0,0,0,0,0,0,0,0,0,0,0
佐那河内村,7,2170,944,2,0,0,0,0,0,0,0,0,1,1,0,0
石井町,7,25097,10827,10,1,3,0,0,0,13,0,4,12,3,3,1
神山町,7,4846,2390,5,0,0,0,0,1,1,0,0,1,1,1,0
那賀町,7,7490,3735,12,0,1,0,0,0,5,0,3,2,2,15,0
牟岐町,7,3693,1959,2,0,1,1,0,0,1,0,1,2,5,2,2
美波町,7,6071,3113,12,0,4,0,0,0,1,0,0,2,3,0,6
海陽町,7,8645,4502,8,0,1,0,0,1,2,0,2,4,5,24,5
松茂町,7,14723,6903,5,0,3,0,0,2,3,2,2,9,4,0,0
北島町,7,23574,10217,8,0,2,0,0,0,6,1,5,8,4,0,0
藍住町,7,35579,15266,6,0,2,0,1,1,8,1,5,4,5,2,1
板野町,7,13039,5791,7,2,2,0,0,0,2,0,2,5,2,7,3
上板町,7,11474,4960,5,0,1,0,0,0,2,0,1,3,1,0,0
つるぎ町,7,7893,3941,13,0,3,0,0,0,0,0,2,2,0,2,2
東みよし町,7,13628,6267,15,0,5,0,0,0,2,0,3,1,18,3,3
高松市,7,422424,202715,118,3,67,49,27,29,319,81,75,169,217,755,42
丸亀市,7,111575,51225,36,0,22,16,4,16,88,33,24,54,56,308,4
坂出市,7,50931,24848,29,0,6,6,0,4,9,6,5,27,24,127,4
善通寺市,7,30682,14916,14,2,4,4,2,6,30,9,5,17,16,61,2
観音寺市,7,57738,25484,26,0,7,4,1,5,45,5,15,30,21,9,3
さぬき市,7,45822,20827,29,2,6,9,3,11,43,21,9,19,35,16,9
東かがわ市,7,28498,13649,18,0,3,7,0,2,5,8,4,7,8,32,5
三豊市,7,62258,26202,55,0,6,1,0,3,18,7,8,13,48,61,6
土庄町,7,13000,6548,6,0,0,0,0,0,18,1,3,3,11,124,0
小豆島町,7,13616,6815,9,0,4,0,0,0,15,0,3,5,15,134,0
三木町,7,27310,11931,6,0,3,1,1,0,3,1,3,4,10,0,1
直島町,7,2949,1544,2,0,0,0,0,0,15,0,2,3,0,0,0
宇多津町,7,18446,8912,3,2,2,3,1,2,22,11,7,10,25,5,1
綾川町,7,23368,10110,8,0,2,1,0,0,8,8,3,5,11,25,5
琴平町,7,8434,4180,5,0,3,3,0,2,22,7,2,3,2,19,3
多度津町,7,22126,10420,11,0,4,4,1,1,11,0,6,9,13,3,2
まんのう町,7,17610,7449,9,0,1,1,0,1,8,1,4,4,7,103,3
松山市,7,503865,254249,156,4,90,9,16,17,182,41,76,157,161,140,34
今治市,7,151608,75955,79,3,32,5,15,6,218,22,36,62,218,97,8
宇和島市,7,70019,35339,78,1,8,4,1,0,10,4,6,13,17,6,9
八幡浜市,7,31293,15613,45,0,7,6,3,2,20,8,3,9,30,4,3
新居浜市,7,115314,57569,57,3,9,19,6,6,40,25,23,49,94,98,5
西条市,7,105616,50664,62,0,14,0,0,1,18,12,18,36,22,15,7
大洲市,7,40580,19673,51,0,11,0,0,1,6,1,5,6,52,24,12
伊予市,7,35805,16200,20,0,7,0,2,0,2,0,3,7,4,17,13
四国中央市,7,83426,38862,31,0,8,2,0,0,23,8,12,22,70,12,7
西予市,7,35232,17542,45,0,4,1,0,1,5,1,3,8,9,1,4
東温市,7,33250,15581,9,0,6,0,0,0,1,0,5,14,2,0,6
上島町,7,6283,3755,11,11,0,1,0,1,0,0,1,2,4,1,0
久万高原町,7,7420,4127,16,0,1,0,0,0,0,0,0,1,2,0,0
砥部町,7,20510,9489,11,1,2,2,0,0,9,0,4,4,6,0,1
内子町,7,15406,7021,19,0,3,0,0,0,5,0,4,5,7,3,3
伊方町,7,8395,4451,16,0,0,0,0,0,1,0,0,0,5,1,0
松野町,7,3661,1972,7,0,0,0,0,0,1,0,1,1,1,0,3
鬼北町,7,9563,4861,10,0,2,0,0,0,2,0,3,3,4,1,3
愛南町,7,19575,10017,44,0,4,0,0,0,8,0,1,6,11,9,0
高知市,7,319724,164452,101,2,27,16,31,14,140,32,42,120,608,173,10
室戸市,7,12015,7027,17,0,3,0,0,0,4,0,2,2,2,10,0
安芸市,7,16235,8036,15,0,2,0,0,0,1,1,3,6,31,10,7
南国市,7,46328,22472,28,0,8,1,2,0,2,0,4,13,22,20,4
土佐市,7,26334,12638,15,0,3,0,0,0,1,0,3,4,21,0,0
須崎市,7,20268,10652,17,0,4,2,0,3,10,2,1,9,46,1,6
宿毛市,7,19178,9943,20,0,5,0,3,2,25,4,2,5,4,1,4
土佐清水市,7,12271,6950,19,0,4,0,0,0,3,0,0,1,21,0,0
四万十市,7,32460,16583,37,0,10,0,0,0,6,2,4,8,36,1,8
香南市,7,33009,15386,12,1,8,0,0,0,7,7,6,14,7,8,5
香美市,7,25381,13128,15,1,10,0,0,1,0,0,3,8,12,6,4
東洋町,7,2183,1340,4,0,0,0,1,1,0,0,2,0,5,6,0
奈半利町,7,3003,1659,3,0,0,0,0,0,1,0,1,1,3,2,1
田野町,7,2524,1312,4,0,1,0,0,0,1,0,1,1,6,3,1
安田町,7,2413,1220,4,0,0,0,0,0,2,0,0,1,2,2,2
北川村,7,1213,614,2,0,0,0,0,0,1,0,0,0,0,0,0
馬路村,7,827,422,4,0,0,0,0,0,0,0,0,0,0,0,0
芸西村,7,3621,1763,2,0,1,0,0,0,1,0,1,3,1,3,2
本山町,7,3299,1847,7,0,1,0,1,0,0,0,0,1,5,0,0
大豊町,7,3223,1936,5,0,1,0,0,0,2,0,1,1,1,7,7
土佐町,7,3625,1882,7,0,1,2,0,0,0,0,2,1,11,0,0
大川村,7,361,213,2,0,0,1,0,0,1,0,0,0,1,0,0
いの町,7,21504,10360,19,0,4,1,0,0,2,1,4,6,11,21,3
仁淀川町,7,4795,2753,8,0,1,0,0,0,1,0,0,0,4,0,0
中土佐町,7,6106,3320,11,0,1,0,0,0,4,0,2,2,1,0,1
佐川町,7,12238,6011,8,0,3,0,0,0,2,1,3,2,10,4,5
越知町,7,5087,2640,3,0,4,0,0,0,2,0,1,1,7,0,0
檮原町,7,3236,1719,6,0,1,0,0,0,0,0,0,0,0,0,0
日高村,7,4858,2458,7,0,0,0,0,0,0,0,0,1,3,0,3
津野町,7,5456,2619,8,0,0,1,0,0,7,1,1,3,13,6,0
四万十町,7,15761,8139,27,0,2,0,0,0,3,1,3,3,1,3,10
大月町,7,4582,2526,11,0,1,0,0,0,0,0,0,0,1,2,0
三原村,7,1435,742,2,0,0,0,0,0,1,0,0,0,0,0,0
黒潮町,7,10411,5380,12,0,1,0,0,0,2,0,4,2,6,0,11
北九州市,7,929396,488404,271,7,101,32,13,16,208,53,70,190,668,166,62
福岡市,7,1581398,841762,387,15,140,115,39,108,1020,237,189,637,870,668,77
大牟田市,7,108421,55730,47,0,26,2,0,1,14,0,5,12,53,10,11
久留米市,7,302383,140229,108,3,44,3,13,10,191,15,17,75,198,55,25
直方市,7,55655,27479,23,0,6,0,0,0,0,0,3,10,19,11,10
飯塚市,7,125753,63394,47,1,13,8,2,14,48,12,13,38,115,27,11
田川市,7,45704,24095,23,0,6,0,0,0,5,0,0,9,3,6,9
柳川市,7,63182,26272,32,0,8,17,0,9,53,7,11,25,25,5,6
八女市,7,60943,25747,44,0,7,0,0,0,8,1,0,1,22,1,0
筑後市,7,49403,20594,21,2,3,3,1,2,20,2,5,6,49,8,4
大川市,7,32359,13995,11,0,5,5,2,4,12,3,5,13,27,13,0
行橋市,7,72635,33883,19,0,6,1,0,0,3,0,3,11,8,9,7
豊前市,7,24195,11765,17,0,2,0,0,0,1,0,0,3,2,5,3
中間市,7,39912,20452,15,0,3,0,0,0,1,0,1,2,15,2,6
小郡市,7,59760,25757,29,0,7,3,3,2,13,2,4,9,29,71,11
筑紫野市,7,106442,47530,27,2,10,9,0,5,63,15,11,28,14,28,9
春日市,7,112765,50598,30,1,4,12,1,1,40,6,11,23,29,7,3
大野城市,7,102809,46407,21,0,7,3,0,0,31,11,11,27,26,9,4
宗像市,7,97319,44551,28,1,9,7,1,1,22,5,8,17,35,89,3
太宰府市,7,71542,32678,24,2,2,13,1,7,72,21,10,25,28,70,4
古賀市,7,59234,26527,21,0,5,2,0,1,10,4,4,14,26,6,3
福津市,7,68481,29769,13,1,5,23,1,8,31,13,13,22,11,16,2
うきは市,7,28213,11390,19,0,3,1,0,2,9,0,7,5,11,0,3
宮若市,7,26746,13196,15,0,5,0,0,0,0,1,1,13,8,0,0
嘉麻市,7,35532,18146,21,0,8,0,1,0,1,0,1,6,17,1,1
朝倉市,7,50903,21840,26,0,7,1,1,0,1,0,2,16,19,2,4
みやま市,7,35481,14597,17,0,3,0,0,0,1,1,1,3,17,6,5
糸島市,7,103702,45409,39,0,9,1,0,2,43,9,11,28,36,10,10
那珂川市,7,49994,21486,19,0,4,0,4,3,13,2,9,20,8,1,1
宇美町,7,37119,16464,9,0,4,0,0,0,0,0,0,8,20,5,1
篠栗町,7,31020,13735,6,1,4,0,0,0,2,0,1,10,19,6,3
志免町,7,46560,20648,10,0,4,0,0,0,6,4,4,6,16,6,0
須惠町,7,29270,12651,0,0,0,0,0,0,0,0,0,0,0,0,0
新宮町,7,33448,13635,12,0,4,1,0,0,7,2,4,10,36,8,2
久山町,7,9324,3753,6,0,1,4,0,1,21,3,2,8,22,13,0
粕屋町,7,48933,21634,12,0,4,0,0,0,3,5,5,8,17,5,6
芦屋町,7,13145,6456,5,0,2,0,0,0,0,0,0,0,12,0,0
水巻町,7,27810,13619,9,0,2,0,0,0,0,0,0,4,11,4,2
岡垣町,7,31697,14283,7,0,4,0,0,0,7,4,3,15,29,2,1
遠賀町,7,19109,8651,7,0,4,2,0,0,0,0,1,4,13,2,1
小竹町,7,7119,3805,4,0,1,0,0,0,0,0,1,1,4,2,3
鞍手町,7,15172,7421,10,0,1,0,0,0,1,0,0,2,5,0,1
桂川町,7,13043,6263,4,0,1,0,0,1,8,0,1,2,7,2,1
筑前町,7,30233,12032,6,0,3,0,0,0,5,0,0,8,6,1,3
東峰村,7,1912,824,3,0,0,0,0,0,0,0,0,0,1,2,0
大刀洗町,7,16038,6141,5,0,1,0,0,0,1,0,0,3,1,0,3
大木町,7,13897,5243,4,0,1,0,0,0,1,0,0,2,3,0,2
香春町,7,10370,5425,12,0,0,0,0,0,1,0,0,1,1,3,5
添田町,7,8828,4534,11,0,2,0,0,0,3,0,0,2,1,2,2
糸田町,7,8527,4545,2,0,1,0,0,0,1,0,0,0,0,0,3
大任町,7,5147,2626,3,0,0,0,0,0,1,0,0,0,0,0,0
赤村,7,2953,1486,2,0,0,0,0,0,0,0,0,0,0,5,4
福智町,7,21513,11072,8,0,4,0,0,0,1,0,0,5,3,2,6
苅田町,7,37767,18634,11,0,3,2,0,0,53,7,1,24,43,2,2
みやこ町,7,18384,8396,17,0,3,0,0,0,1,0,0,3,2,6,4
吉富町,7,6649,3049,2,0,1,0,0,0,0,0,0,1,0,0,1
上毛町,7,7391,3233,6,0,0,1,0,0,0,0,0,1,2,0,0
築上町,7,17309,8817,12,0,2,0,0,0,0,0,1,3,13,4,2
佐賀市,7,229427,103285,76,10,30,31,47,26,101,20,27,55,197,71,4
唐津市,7,116972,51113,82,2,20,2,3,1,33,6,11,21,67,12,15
鳥栖市,7,74537,32964,25,2,9,3,0,3,40,3,10,21,34,15,7
多久市,7,18285,7938,4,1,5,0,0,0,2,0,0,1,18,4,3
伊万里市,7,52721,23603,30,0,10,0,3,3,10,5,7,14,38,3,18
武雄市,7,47705,18860,22,1,8,0,1,1,21,4,10,12,27,11,5
鹿島市,7,27914,10913,12,0,7,1,0,0,3,0,2,7,26,3,4
小城市,7,44365,17134,13,0,7,0,2,2,9,4,7,13,35,4,2
嬉野市,7,25090,9999,17,1,4,0,0,0,5,0,4,3,20,8,1
神埼市,7,30624,12256,12,2,3,1,0,0,1,0,2,8,26,6,1
吉野ヶ里町,7,16228,6698,5,0,2,0,0,0,5,2,0,7,18,5,1
基山町,7,17545,7331,9,0,2,0,0,0,2,0,1,6,5,7,4
上峰町,7,9789,3881,2,0,1,0,0,0,4,0,1,0,6,0,0
みやき町,7,25752,10407,9,0,3,1,0,0,5,0,11,6,21,4,1
玄海町,7,5130,1941,2,0,0,0,0,0,2,0,0,0,1,0,0
有田町,7,19051,7809,15,0,2,1,2,5,20,7,3,10,8,4,11
大町町,7,6136,2697,2,0,2,0,0,0,3,0,1,3,8,1,1
江北町,7,9609,3613,3,0,3,0,2,0,0,0,0,1,9,3,1
白石町,7,21741,7744,13,0,4,1,0,0,2,0,2,4,15,4,2
太良町,7,8256,3189,5,0,1,0,0,0,4,0,1,2,7,0,2
長崎市,7,401195,205758,184,3,54,7,10,14,154,19,42,87,312,179,6
佐世保市,7,240473,121158,114,1,34,1,0,0,90,42,32,44,206,23,29
島原市,7,43169,19812,20,1,10,0,2,1,17,7,5,19,42,6,8
諫早市,7,134691,61931,61,0,21,0,0,1,9,2,9,7,62,23,20
大村市,7,98305,45493,30,1,9,1,2,0,22,11,19,29,20,58,7
平戸市,7,29162,13737,37,0,8,0,0,0,2,0,1,0,8,8,4
松浦市,7,21369,10038,24,0,5,2,0,2,4,0,3,1,5,0,8
対馬市,7,28452,14752,57,0,3,1,0,1,33,6,9,4,25,0,0
壱岐市,7,24956,11556,41,0,8,1,0,4,10,0,5,3,6,6,0
五島市,7,35025,19614,41,0,6,3,0,0,4,3,2,3,19,1,0
西海市,7,25747,12213,29,0,2,0,0,0,3,3,5,7,19,0,0
雲仙市,7,41829,17660,26,0,4,0,1,0,13,0,8,17,40,4,8
南島原市,7,42556,18444,27,0,4,4,7,3,8,2,10,14,37,7,0
長与町,7,40395,17133,9,0,2,2,0,0,2,1,3,5,58,8,3
時津町,7,29544,13399,10,1,2,2,0,2,41,9,11,13,11,4,0
東彼杵町,7,7556,3190,6,0,1,0,0,0,4,0,0,3,1,2,2
川棚町,7,13400,5746,13,0,1,0,0,0,1,0,1,0,4,0,2
波佐見町,7,14283,5352,11,0,2,0,0,0,1,0,1,3,2,1,0
小値賀町,7,2239,1215,5,0,0,0,0,0,3,0,0,0,0,4,0
佐々町,7,14103,6208,4,0,1,0,0,0,6,0,4,2,14,0,4
新上五島町,7,17611,8511,28,0,3,1,0,1,0,0,1,0,1,0,0
熊本市,7,731476,354338,208,5,110,30,12,23,246,39,52,151,303,254,32
八代市,7,122625,57395,66,1,14,2,0,2,14,1,5,9,55,23,12
人吉市,7,30734,15187,14,0,12,1,3,1,17,3,5,13,13,6,6
荒尾市,7,50415,24066,32,0,5,0,0,0,3,0,0,4,26,5,2
水俣市,7,22709,11255,19,0,9,0,0,0,1,0,1,2,10,2,4
玉名市,7,64066,28367,33,0,5,4,0,6,22,7,9,21,37,6,4
山鹿市,7,49397,21933,32,0,7,0,0,0,2,0,0,0,4,2,0
菊池市,7,47103,19960,22,1,7,6,3,5,9,2,1,12,12,1,0
宇土市,7,36483,15769,11,0,14,0,0,0,4,3,8,10,42,3,6
上天草市,7,25015,11299,29,1,1,1,0,0,3,0,2,8,6,2,0
宇城市,7,57562,25111,24,1,6,3,1,4,11,1,6,5,40,2,5
阿蘇市,7,24751,11553,18,0,6,1,0,0,23,4,3,9,9,7,8
天草市,7,75101,36314,72,1,14,0,0,1,26,5,15,23,43,0,0
合志市,7,64474,26074,15,2,5,0,0,0,4,1,5,7,15,7,7
玉東町,7,5241,2105,3,0,0,0,0,0,0,0,0,0,0,0,1
南関町,7,9001,4067,5,0,0,0,0,0,0,0,0,3,10,0,0
長洲町,7,15506,7284,6,0,1,0,0,0,1,0,3,1,2,0,1
和水町,7,9303,3794,10,0,1,0,0,0,1,0,0,0,3,0,0
大津町,7,36030,15717,11,0,1,0,0,0,8,4,2,5,9,8,2
菊陽町,7,43714,18921,9,0,10,0,0,0,18,3,5,7,11,2,2
南小国町,7,3850,1793,5,0,0,0,0,0,14,0,2,1,0,2,0
産山村,7,1411,631,3,0,0,0,0,0,2,0,0,0,0,0,0
西原村,7,6926,2901,3,0,0,0,0,0,1,0,0,3,0,0,0
南阿蘇村,7,10155,4703,11,1,1,0,0,0,7,0,0,6,3,2,9
御船町,7,17051,7426,11,0,1,0,0,0,2,0,5,1,2,0,0
嘉島町,7,10072,4039,5,0,2,0,0,0,1,0,0,2,7,0,0
益城町,7,33718,14152,10,0,6,0,0,0,3,0,3,5,10,7,0
甲佐町,7,10273,4437,6,0,2,1,0,0,0,1,3,2,0,0,0
山都町,7,13623,6342,14,0,5,0,0,0,1,0,0,0,2,0,0
氷川町,7,11179,4553,5,0,1,0,0,0,1,0,0,0,1,0,0
芦北町,7,15724,6995,16,0,2,0,0,0,0,0,0,1,1,6,9
津奈木町,7,4324,1894,4,0,0,0,0,0,0,0,0,0,1,0,1
錦町,7,10282,3954,5,0,0,2,0,0,16,3,5,5,4,6,3
多良木町,7,8828,3686,12,0,1,0,0,0,0,0,0,0,3,0,4
湯前町,7,3608,1537,5,0,0,0,0,1,4,0,0,1,3,0,1
水上村,7,2035,856,2,0,1,0,0,0,0,0,0,0,0,0,0
相良村,7,4095,1580,3,0,0,0,0,0,0,0,0,0,0,1,1
五木村,7,974,472,7,0,0,0,0,0,1,0,0,0,0,0,0
山江村,7,3276,1200,3,0,0,0,0,0,0,0,0,0,0,0,0
球磨村,7,2958,1281,6,0,0,0,0,0,0,0,0,0,0,6,4
あさぎり町,7,14554,5884,12,0,1,0,0,0,1,1,1,0,6,0,3
苓北町,7,6571,3062,10,0,4,0,0,0,0,0,3,1,3,0,0
大分市,7,476556,229105,143,7,77,37,9,23,261,43,37,110,195,146,18
別府市,7,113735,62470,45,1,27,2,1,2,123,9,13,29,68,48,6
中津市,7,83101,41142,70,7,10,4,1,2,32,14,8,17,18,5,3
日田市,7,62080,27524,71,0,22,1,9,6,60,9,9,24,66,7,9
佐伯市,7,67126,33053,68,0,9,3,3,3,44,7,21,23,49,303,9
臼杵市,7,36137,16879,26,0,2,9,3,5,25,3,8,15,15,11,5
津久見市,7,15868,7765,21,0,1,0,0,0,0,0,2,4,9,1,2
竹田市,7,19890,9937,27,0,4,0,0,0,4,0,0,1,4,0,3
豊後高田市,7,22177,10934,19,0,3,0,0,0,3,0,3,4,15,0,0
杵築市,7,27295,13283,26,0,14,0,0,0,8,1,8,6,13,15,3
宇佐市,7,53395,25998,46,0,13,2,3,0,18,3,5,8,14,12,6
豊後大野市,7,33415,15760,27,0,4,0,3,1,13,2,4,6,7,9,6
由布市,7,33531,15686,24,0,5,0,0,1,40,0,5,3,7,8,9
国東市,7,26179,13088,32,0,2,3,0,2,3,0,2,8,7,0,0
姫島村,7,1812,874,2,0,0,0,0,0,0,0,0,0,6,0,0
日出町,7,28115,12697,10,0,3,0,0,0,2,1,6,10,14,8,4
九重町,7,8729,3884,11,0,0,0,1,0,8,3,1,1,0,0,4
玖珠町,7,14384,6606,26,0,3,0,0,0,0,0,4,9,5,0,4
宮崎市,7,399576,201306,110,3,39,9,8,13,109,38,32,151,465,127,21
都城市,7,161605,80352,92,0,30,0,0,0,31,18,26,70,107,19,11
延岡市,7,117563,59796,104,1,24,3,0,1,35,16,23,42,50,8,8
日南市,7,49989,26142,36,0,9,0,1,2,17,4,3,17,82,47,10
小林市,7,43554,22195,35,0,12,1,0,0,0,0,0,3,8,1,2
日向市,7,59390,29161,29,0,12,0,1,0,30,1,17,22,9,7,4
串間市,7,16990,8765,24,0,4,0,0,0,2,0,5,6,39,0,5
西都市,7,28867,13971,16,1,5,3,0,1,10,0,9,12,23,11,0
えびの市,7,18050,9513,22,0,5,0,0,0,2,1,3,7,6,3,5
三股町,7,25992,11559,8,0,2,2,0,0,9,2,6,6,27,4,2
高原町,7,8838,4408,8,0,1,0,0,0,0,0,0,0,3,0,2
国富町,7,18695,8985,10,0,2,0,0,0,2,0,2,5,6,0,0
綾町,7,7043,3254,2,0,0,0,0,0,0,0,1,2,1,0,0
高鍋町,7,19729,9611,6,0,3,0,1,0,4,1,1,6,0,2,1
新富町,7,16888,7972,7,0,2,1,5,4,16,3,7,6,20,5,1
西米良村,7,1073,544,2,0,1,0,0,0,1,0,0,0,0,1,0
木城町,7,4908,2233,5,0,0,0,0,0,0,0,0,0,0,0,0
川南町,7,15095,7060,7,0,2,0,0,1,4,0,0,4,0,5,1
都農町,7,10262,4778,6,0,1,0,0,0,0,0,0,0,0,3,2
門川町,7,17385,8184,8,0,3,0,0,0,0,1,2,3,3,2,1
諸塚村,7,1499,679,4,0,1,0,0,0,0,0,0,0,0,0,0
椎葉村,7,2586,1188,11,0,1,0,0,1,4,0,1,0,2,0,0
高千穂町,7,11327,4927,16,0,5,0,0,0,28,0,8,5,1,1,1
日之影町,7,3592,1613,6,0,1,0,0,0,2,0,0,0,1,16,0
五ヶ瀬町,7,3503,1513,8,0,2,0,0,0,2,0,1,0,2,0,0
鹿児島市,7,597834,302529,218,15,137,10,254,71,270,152,121,290,698,1198,19
鹿屋市,7,100767,51239,67,0,20,0,1,6,40,22,15,42,57,6,0
枕崎市,7,19715,10471,13,0,11,0,0,0,3,1,6,7,46,37,3
阿久根市,7,18914,9831,16,0,2,12,0,4,2,5,6,8,19,2,4
出水市,7,52191,25671,45,0,8,0,0,0,2,0,2,3,30,8,5
指宿市,7,38487,19826,22,0,13,0,7,2,28,6,5,16,27,80,11
西之表市,7,14417,7800,20,0,3,0,0,0,1,0,1,0,0,0,0
垂水市,7,13624,7296,20,0,3,0,0,0,5,1,0,8,5,0,0
薩摩川内市,7,92248,46292,81,1,13,5,2,1,12,1,13,30,64,12,7
日置市,7,46992,22637,39,2,12,0,13,0,20,5,11,20,65,156,3
曽於市,7,33600,17437,34,0,8,0,0,0,3,0,1,7,14,5,3
霧島市,7,124751,62557,91,1,20,6,3,0,37,14,13,64,67,9,11
いちき串木野市,7,26468,13098,34,1,7,0,0,0,3,4,5,9,34,11,3
南さつま市,7,32279,16913,24,1,9,1,16,0,18,6,12,12,71,128,0
志布志市,7,29808,15306,46,0,6,0,0,1,3,1,3,13,15,1,2
奄美市,7,41670,23605,38,0,7,11,0,5,86,2,25,8,67,199,0
南九州市,7,32745,16351,41,0,7,0,4,0,19,0,11,13,54,133,8
伊佐市,7,23967,12845,28,0,6,0,0,1,6,1,5,6,29,0,0
姶良市,7,78077,37968,47,0,17,1,2,0,22,9,15,35,183,28,7
三島村,7,369,202,10,0,0,1,0,0,0,0,0,0,1,0,0
十島村,7,657,377,20,0,0,0,0,0,0,0,0,0,1,0,0
さつま町,7,19534,10034,25,0,6,1,0,0,1,0,2,5,5,0,0
長島町,7,9809,4397,19,0,0,4,0,0,8,0,4,2,13,5,0
湧水町,7,8700,4660,10,0,1,0,0,0,1,0,2,3,10,5,3
大崎町,7,12398,6685,11,0,0,0,0,0,2,0,0,5,5,0,0
東串良町,7,6510,3290,5,0,0,0,0,0,1,0,1,2,1,0,0
錦江町,7,6640,3596,13,0,1,0,0,1,2,0,3,2,5,0,0
南大隅町,7,6364,3645,15,0,0,0,0,0,0,0,1,3,1,0,0
肝付町,7,14241,7652,17,0,2,2,1,2,9,3,4,9,5,2,0
中種子町,7,7489,4142,13,0,0,1,0,0,0,1,6,0,1,0,0
南種子町,7,5363,2918,13,0,0,0,0,0,1,0,1,3,2,0,0
屋久島町,7,11724,6481,21,0,1,2,0,0,23,2,7,4,4,65,0
大和村,7,1414,850,11,0,0,1,0,0,0,0,0,0,2,15,0
宇検村,7,1653,948,8,0,0,0,0,0,1,0,1,0,1,0,0
瀬戸内町,7,8442,5170,37,0,2,0,0,0,2,0,1,1,7,25,0
龍郷町,7,6017,3151,13,0,0,1,0,0,17,0,3,5,6,9,0
喜界町,7,6565,3697,13,0,1,1,0,0,0,0,3,0,20,0,0
徳之島町,7,10290,5736,17,0,3,0,0,0,5,0,5,2,0,0,0
天城町,7,5597,3053,11,0,0,0,0,0,0,0,0,1,0,0,0
伊仙町,7,6361,3470,12,0,0,0,0,0,0,0,0,0,0,0,0
和泊町,7,6296,3282,7,0,0,0,0,0,0,0,1,0,1,0,0
知名町,7,5634,3012,8,0,1,0,0,0,1,0,1,1,0,0,0
与論町,7,5078,2620,5,0,1,0,0,0,0,0,1,0,1,18,0
那覇市,7,317030,158212,103,3,21,52,16,23,325,102,71,183,209,459,16
宜野湾市,7,100269,46828,35,0,10,4,2,3,43,21,23,29,44,20,0
石垣市,7,49530,25545,37,0,3,2,1,16,82,12,21,19,21,10,0
浦添市,7,115702,52950,45,1,7,3,7,3,40,23,26,56,66,107,3
名護市,7,64290,31733,34,3,7,2,1,0,44,21,17,36,13,38,0
糸満市,7,62569,28078,19,0,6,1,1,2,21,15,16,19,42,38,0
沖縄市,7,142679,65902,42,0,18,1,2,1,55,41,32,69,103,7,0
豊見城市,7,65954,28033,19,1,4,4,2,6,21,13,12,22,32,95,0
うるま市,7,125973,56140,40,1,6,4,0,2,33,29,22,50,117,22,0
宮古島市,7,55562,29395,42,1,6,2,0,0,29,5,11,12,12,3,0
南城市,7,45928,19471,15,0,1,1,1,0,24,5,12,18,15,118,0
国頭村,7,4504,2329,9,1,0,2,0,0,7,1,2,5,5,33,0
大宜味村,7,3044,1709,7,0,0,1,0,0,4,1,0,2,1,32,0
東村,7,1752,946,5,0,0,0,0,0,4,0,0,1,3,0,0
今帰仁村,7,9364,4526,8,0,1,3,0,0,46,3,4,3,4,56,0
本部町,7,13002,6533,14,0,1,0,0,0,44,2,4,9,3,29,0
恩納村,7,11298,5829,11,1,0,1,1,0,61,3,1,11,9,42,0
宜野座村,7,6303,2738,7,0,2,0,0,0,6,0,0,2,3,1,0
金武町,7,11451,5625,4,0,0,0,1,1,5,3,2,7,15,10,0
伊江村,7,4366,2268,3,0,0,1,0,0,7,0,3,4,7,1,0
読谷村,7,42041,17577,8,0,2,2,1,0,37,4,13,10,20,17,0
嘉手納町,7,13154,5626,4,0,1,0,1,0,6,4,5,6,7,6,0
北谷町,7,29056,12804,8,0,4,0,0,3,105,30,8,28,27,16,0
北中城村,7,17936,7725,10,0,4,0,0,0,16,10,2,9,20,6,0
中城村,7,22409,9517,5,0,0,0,1,0,7,2,4,9,13,6,0
西原町,7,35728,15577,14,1,1,1,4,2,11,10,6,12,21,51,0
与那原町,7,20003,8786,4,1,1,0,1,1,3,8,9,8,9,19,0
南風原町,7,40642,16444,13,0,6,2,0,4,16,13,10,20,23,26,0
渡嘉敷村,7,695,407,3,0,0,0,0,0,6,1,1,1,1,0,0
座間味村,7,895,539,8,0,0,0,0,0,12,1,6,0,1,0,0
粟国村,7,666,404,3,0,0,1,0,0,0,0,0,0,0,0,0
渡名喜村,7,317,209,2,0,0,1,0,0,0,0,0,0,0,0,0
南大東村,7,1210,680,3,0,0,0,0,0,2,0,0,0,2,0,0
北大東村,7,542,291,3,0,0,0,0,0,1,0,4,0,2,0,0
伊平屋村,7,1213,618,3,0,0,1,0,0,0,0,0,1,0,0,0
伊是名村,7,1308,735,2,0,0,1,0,0,0,0,1,0,2,0,0
久米島町,7,7413,3951,12,0,3,0,0,0,15,1,9,5,17,10,0
八重瀬町,7,32630,13053,10,0,2,3,0,2,7,5,5,14,16,26,0
多良間村,7,1085,529,2,0,0,0,0,0,0,0,0,1,1,0,0
竹富町,7,4288,2545,26,0,1,3,0,1,25,0,8,1,2,26,0
与那国町,7,1725,983,5,0,1,0,0,0,5,0,1,4,0,1,0
